REGION,FUEL,YEAR,VALUE
REGION1,AGRDSL,2020,14.88
REGION1,AGRELCB02,2020,0
REGION1,AGRNGS,2020,0
REGION1,AGRWATBC1,2020,0
REGION1,BIO,2020,0
REGION1,COA,2020,0
REGION1,COMBIO,2020,0.12
REGION1,COMELCB02,2020,0
REGION1,COMKER,2020,10.57
REGION1,COMNGS,2020,84.05
REGION1,CRPALF,2020,1.379
REGION1,CRPBAR,2020,0.062
REGION1,CRPMAI,2020,0.364
REGION1,CRPOAT,2020,0.058
REGION1,CRPOTH,2020,0.272
REGION1,CRPPEA,2020,0.031
REGION1,CRPPTW,2020,0.00011
REGION1,CRPRAP,2020,0.056
REGION1,CRPRYE,2020,0.0017
REGION1,CRPWHE,2020,0.051
REGION1,CRU,2020,0
REGION1,DSL,2020,0
REGION1,ELCB01,2020,0
REGION1,ELCB02,2020,0
REGION1,GEO,2020,0
REGION1,GSL,2020,0
REGION1,HFO,2020,0
REGION1,HYD,2020,0
REGION1,INDBIO,2020,160.04
REGION1,INDDSL,2020,108.46
REGION1,INDELCB02,2020,0
REGION1,INDNGS,2020,224.86
REGION1,JFL,2020,0
REGION1,KER,2020,0
REGION1,LALFHIBC1,2020,0
REGION1,LALFHRBC1,2020,0
REGION1,LALFIIBC1,2020,0
REGION1,LALFIRBC1,2020,0
REGION1,LALFLRBC1,2020,0
REGION1,LBARBC1,2020,0
REGION1,LBC1,2020,0
REGION1,LBLTBC1,2020,0
REGION1,LBRLHIBC1,2020,0
REGION1,LBRLHRBC1,2020,0
REGION1,LBRLIIBC1,2020,0
REGION1,LBRLIRBC1,2020,0
REGION1,LBRLLRBC1,2020,0
REGION1,LFORBC1,2020,0
REGION1,LGRSBC1,2020,0
REGION1,LMAIHIBC1,2020,0
REGION1,LMAIHRBC1,2020,0
REGION1,LMAIIIBC1,2020,0
REGION1,LMAIIRBC1,2020,0
REGION1,LMAILRBC1,2020,0
REGION1,LND4PWR,2020,3.689
REGION1,LOATHIBC1,2020,0
REGION1,LOATHRBC1,2020,0
REGION1,LOATIIBC1,2020,0
REGION1,LOATIRBC1,2020,0
REGION1,LOATLRBC1,2020,0
REGION1,LOTHBC1,2020,0
REGION1,LOTHHIBC1,2020,0
REGION1,LOTHHRBC1,2020,0
REGION1,LOTHIIBC1,2020,0
REGION1,LOTHIRBC1,2020,0
REGION1,LOTHLRBC1,2020,0
REGION1,LPEAHIBC1,2020,0
REGION1,LPEAHRBC1,2020,0
REGION1,LPEAIIBC1,2020,0
REGION1,LPEAIRBC1,2020,0
REGION1,LPEALRBC1,2020,0
REGION1,LPG,2020,0
REGION1,LPTWHIBC1,2020,0
REGION1,LPTWHRBC1,2020,0
REGION1,LPTWIIBC1,2020,0
REGION1,LPTWIRBC1,2020,0
REGION1,LPTWLRBC1,2020,0
REGION1,LRAPHIBC1,2020,0
REGION1,LRAPHRBC1,2020,0
REGION1,LRAPIIBC1,2020,0
REGION1,LRAPIRBC1,2020,0
REGION1,LRAPLRBC1,2020,0
REGION1,LRYEHIBC1,2020,0
REGION1,LRYEHRBC1,2020,0
REGION1,LRYEIIBC1,2020,0
REGION1,LRYEIRBC1,2020,0
REGION1,LRYELRBC1,2020,0
REGION1,LWATBC1,2020,0
REGION1,LWHEHIBC1,2020,0
REGION1,LWHEHRBC1,2020,0
REGION1,LWHEIIBC1,2020,0
REGION1,LWHEIRBC1,2020,0
REGION1,LWHELRBC1,2020,0
REGION1,NGS,2020,0
REGION1,PUBWATBC1,2020,0.85
REGION1,PWRBIO,2020,0
REGION1,PWRGEO,2020,0
REGION1,PWRHYD,2020,0
REGION1,PWRNGS,2020,0
REGION1,PWRSOL,2020,0
REGION1,PWRURN,2020,0
REGION1,PWRWATBC1,2020,0
REGION1,PWRWND,2020,0
REGION1,RESBIO,2020,12.98
REGION1,RESELCB02,2020,0
REGION1,RESKER,2020,0.84
REGION1,RESNGS,2020,81.96
REGION1,SOL,2020,0
REGION1,TRABIO,2020,23.33
REGION1,TRADSL,2020,98.81
REGION1,TRAELCB02,2020,0
REGION1,TRAGSL,2020,153.58
REGION1,TRAHFO,2020,10.69
REGION1,TRAJFL,2020,39.54
REGION1,TRALPG,2020,2.66
REGION1,TRANGS,2020,1.8
REGION1,URN,2020,0
REGION1,WND,2020,0
REGION1,WTREVTBC1,2020,0
REGION1,WTRGRCBC1,2020,0
REGION1,WTRPRCBC1,2020,0
REGION1,WTRSURBC1,2020,0
REGION1,AGRDSL,2021,15.618
REGION1,AGRELCB02,2021,0
REGION1,AGRNGS,2021,0
REGION1,AGRWATBC1,2021,0
REGION1,BIO,2021,0
REGION1,COA,2021,0
REGION1,COMBIO,2021,0.17
REGION1,COMELCB02,2021,0
REGION1,COMKER,2021,10.8
REGION1,COMNGS,2021,84.1
REGION1,CRPALF,2021,1.435
REGION1,CRPBAR,2021,0.059
REGION1,CRPMAI,2021,0.601
REGION1,CRPOAT,2021,0.067
REGION1,CRPOTH,2021,0.309
REGION1,CRPPEA,2021,0.031
REGION1,CRPPTW,2021,0.00011
REGION1,CRPRAP,2021,0.083
REGION1,CRPRYE,2021,0.0027
REGION1,CRPWHE,2021,0.078
REGION1,CRU,2021,0
REGION1,DSL,2021,0
REGION1,ELCB01,2021,0
REGION1,ELCB02,2021,0
REGION1,GEO,2021,0
REGION1,GSL,2021,0
REGION1,HFO,2021,0
REGION1,HYD,2021,0
REGION1,INDBIO,2021,160.69
REGION1,INDDSL,2021,108.13
REGION1,INDELCB02,2021,0
REGION1,INDNGS,2021,219.32
REGION1,JFL,2021,0
REGION1,KER,2021,0
REGION1,LALFHIBC1,2021,0
REGION1,LALFHRBC1,2021,0
REGION1,LALFIIBC1,2021,0
REGION1,LALFIRBC1,2021,0
REGION1,LALFLRBC1,2021,0
REGION1,LBARBC1,2021,0
REGION1,LBC1,2021,0
REGION1,LBLTBC1,2021,0
REGION1,LBRLHIBC1,2021,0
REGION1,LBRLHRBC1,2021,0
REGION1,LBRLIIBC1,2021,0
REGION1,LBRLIRBC1,2021,0
REGION1,LBRLLRBC1,2021,0
REGION1,LFORBC1,2021,0
REGION1,LGRSBC1,2021,0
REGION1,LMAIHIBC1,2021,0
REGION1,LMAIHRBC1,2021,0
REGION1,LMAIIIBC1,2021,0
REGION1,LMAIIRBC1,2021,0
REGION1,LMAILRBC1,2021,0
REGION1,LND4PWR,2021,3.7296
REGION1,LOATHIBC1,2021,0
REGION1,LOATHRBC1,2021,0
REGION1,LOATIIBC1,2021,0
REGION1,LOATIRBC1,2021,0
REGION1,LOATLRBC1,2021,0
REGION1,LOTHBC1,2021,0
REGION1,LOTHHIBC1,2021,0
REGION1,LOTHHRBC1,2021,0
REGION1,LOTHIIBC1,2021,0
REGION1,LOTHIRBC1,2021,0
REGION1,LOTHLRBC1,2021,0
REGION1,LPEAHIBC1,2021,0
REGION1,LPEAHRBC1,2021,0
REGION1,LPEAIIBC1,2021,0
REGION1,LPEAIRBC1,2021,0
REGION1,LPEALRBC1,2021,0
REGION1,LPG,2021,0
REGION1,LPTWHIBC1,2021,0
REGION1,LPTWHRBC1,2021,0
REGION1,LPTWIIBC1,2021,0
REGION1,LPTWIRBC1,2021,0
REGION1,LPTWLRBC1,2021,0
REGION1,LRAPHIBC1,2021,0
REGION1,LRAPHRBC1,2021,0
REGION1,LRAPIIBC1,2021,0
REGION1,LRAPIRBC1,2021,0
REGION1,LRAPLRBC1,2021,0
REGION1,LRYEHIBC1,2021,0
REGION1,LRYEHRBC1,2021,0
REGION1,LRYEIIBC1,2021,0
REGION1,LRYEIRBC1,2021,0
REGION1,LRYELRBC1,2021,0
REGION1,LWATBC1,2021,0
REGION1,LWHEHIBC1,2021,0
REGION1,LWHEHRBC1,2021,0
REGION1,LWHEIIBC1,2021,0
REGION1,LWHEIRBC1,2021,0
REGION1,LWHELRBC1,2021,0
REGION1,NGS,2021,0
REGION1,PUBWATBC1,2021,0.86
REGION1,PWRBIO,2021,0
REGION1,PWRGEO,2021,0
REGION1,PWRHYD,2021,0
REGION1,PWRNGS,2021,0
REGION1,PWRSOL,2021,0
REGION1,PWRURN,2021,0
REGION1,PWRWATBC1,2021,0
REGION1,PWRWND,2021,0
REGION1,RESBIO,2021,13.23
REGION1,RESELCB02,2021,0
REGION1,RESKER,2021,0.85
REGION1,RESNGS,2021,83.29
REGION1,SOL,2021,0
REGION1,TRABIO,2021,23
REGION1,TRADSL,2021,97.58
REGION1,TRAELCB02,2021,0
REGION1,TRAGSL,2021,150.89
REGION1,TRAHFO,2021,10.45
REGION1,TRAJFL,2021,38.89
REGION1,TRALPG,2021,2.72
REGION1,TRANGS,2021,2.04
REGION1,URN,2021,0
REGION1,WND,2021,0
REGION1,WTREVTBC1,2021,0
REGION1,WTRGRCBC1,2021,0
REGION1,WTRPRCBC1,2021,0
REGION1,WTRSURBC1,2021,0
REGION1,AGRDSL,2022,16.267
REGION1,AGRELCB02,2022,0
REGION1,AGRNGS,2022,0
REGION1,AGRWATBC1,2022,0
REGION1,BIO,2022,0
REGION1,COA,2022,0
REGION1,COMBIO,2022,0.22
REGION1,COMELCB02,2022,0
REGION1,COMKER,2022,11
REGION1,COMNGS,2022,84.04
REGION1,CRPALF,2022,1.436
REGION1,CRPBAR,2022,0.064
REGION1,CRPMAI,2022,0.59
REGION1,CRPOAT,2022,0.068
REGION1,CRPOTH,2022,0.312
REGION1,CRPPEA,2022,0.033
REGION1,CRPPTW,2022,0.00011
REGION1,CRPRAP,2022,0.084
REGION1,CRPRYE,2022,0.0025
REGION1,CRPWHE,2022,0.079
REGION1,CRU,2022,0
REGION1,DSL,2022,0
REGION1,ELCB01,2022,0
REGION1,ELCB02,2022,0
REGION1,GEO,2022,0
REGION1,GSL,2022,0
REGION1,HFO,2022,0
REGION1,HYD,2022,0
REGION1,INDBIO,2022,161.12
REGION1,INDDSL,2022,107.38
REGION1,INDELCB02,2022,0
REGION1,INDNGS,2022,213.92
REGION1,JFL,2022,0
REGION1,KER,2022,0
REGION1,LALFHIBC1,2022,0
REGION1,LALFHRBC1,2022,0
REGION1,LALFIIBC1,2022,0
REGION1,LALFIRBC1,2022,0
REGION1,LALFLRBC1,2022,0
REGION1,LBARBC1,2022,0
REGION1,LBC1,2022,0
REGION1,LBLTBC1,2022,0
REGION1,LBRLHIBC1,2022,0
REGION1,LBRLHRBC1,2022,0
REGION1,LBRLIIBC1,2022,0
REGION1,LBRLIRBC1,2022,0
REGION1,LBRLLRBC1,2022,0
REGION1,LFORBC1,2022,0
REGION1,LGRSBC1,2022,0
REGION1,LMAIHIBC1,2022,0
REGION1,LMAIHRBC1,2022,0
REGION1,LMAIIIBC1,2022,0
REGION1,LMAIIRBC1,2022,0
REGION1,LMAILRBC1,2022,0
REGION1,LND4PWR,2022,3.7706
REGION1,LOATHIBC1,2022,0
REGION1,LOATHRBC1,2022,0
REGION1,LOATIIBC1,2022,0
REGION1,LOATIRBC1,2022,0
REGION1,LOATLRBC1,2022,0
REGION1,LOTHBC1,2022,0
REGION1,LOTHHIBC1,2022,0
REGION1,LOTHHRBC1,2022,0
REGION1,LOTHIIBC1,2022,0
REGION1,LOTHIRBC1,2022,0
REGION1,LOTHLRBC1,2022,0
REGION1,LPEAHIBC1,2022,0
REGION1,LPEAHRBC1,2022,0
REGION1,LPEAIIBC1,2022,0
REGION1,LPEAIRBC1,2022,0
REGION1,LPEALRBC1,2022,0
REGION1,LPG,2022,0
REGION1,LPTWHIBC1,2022,0
REGION1,LPTWHRBC1,2022,0
REGION1,LPTWIIBC1,2022,0
REGION1,LPTWIRBC1,2022,0
REGION1,LPTWLRBC1,2022,0
REGION1,LRAPHIBC1,2022,0
REGION1,LRAPHRBC1,2022,0
REGION1,LRAPIIBC1,2022,0
REGION1,LRAPIRBC1,2022,0
REGION1,LRAPLRBC1,2022,0
REGION1,LRYEHIBC1,2022,0
REGION1,LRYEHRBC1,2022,0
REGION1,LRYEIIBC1,2022,0
REGION1,LRYEIRBC1,2022,0
REGION1,LRYELRBC1,2022,0
REGION1,LWATBC1,2022,0
REGION1,LWHEHIBC1,2022,0
REGION1,LWHEHRBC1,2022,0
REGION1,LWHEIIBC1,2022,0
REGION1,LWHEIRBC1,2022,0
REGION1,LWHELRBC1,2022,0
REGION1,NGS,2022,0
REGION1,PUBWATBC1,2022,0.86
REGION1,PWRBIO,2022,0
REGION1,PWRGEO,2022,0
REGION1,PWRHYD,2022,0
REGION1,PWRNGS,2022,0
REGION1,PWRSOL,2022,0
REGION1,PWRURN,2022,0
REGION1,PWRWATBC1,2022,0
REGION1,PWRWND,2022,0
REGION1,RESBIO,2022,13.45
REGION1,RESELCB02,2022,0
REGION1,RESKER,2022,0.86
REGION1,RESNGS,2022,84.55
REGION1,SOL,2022,0
REGION1,TRABIO,2022,22.67
REGION1,TRADSL,2022,96.06
REGION1,TRAELCB02,2022,0
REGION1,TRAGSL,2022,148.2
REGION1,TRAHFO,2022,10.2
REGION1,TRAJFL,2022,38.61
REGION1,TRALPG,2022,2.79
REGION1,TRANGS,2022,2.6
REGION1,URN,2022,0
REGION1,WND,2022,0
REGION1,WTREVTBC1,2022,0
REGION1,WTRGRCBC1,2022,0
REGION1,WTRPRCBC1,2022,0
REGION1,WTRSURBC1,2022,0
REGION1,AGRDSL,2023,16.652
REGION1,AGRELCB02,2023,0
REGION1,AGRNGS,2023,0
REGION1,AGRWATBC1,2023,0
REGION1,BIO,2023,0
REGION1,COA,2023,0
REGION1,COMBIO,2023,0.26
REGION1,COMELCB02,2023,0
REGION1,COMKER,2023,11.17
REGION1,COMNGS,2023,84.11
REGION1,CRPALF,2023,1.438
REGION1,CRPBAR,2023,0.07
REGION1,CRPMAI,2023,0.604
REGION1,CRPOAT,2023,0.069
REGION1,CRPOTH,2023,0.315
REGION1,CRPPEA,2023,0.034
REGION1,CRPPTW,2023,0.00012
REGION1,CRPRAP,2023,0.086
REGION1,CRPRYE,2023,0.0025
REGION1,CRPWHE,2023,0.08
REGION1,CRU,2023,0
REGION1,DSL,2023,0
REGION1,ELCB01,2023,0
REGION1,ELCB02,2023,0
REGION1,GEO,2023,0
REGION1,GSL,2023,0
REGION1,HFO,2023,0
REGION1,HYD,2023,0
REGION1,INDBIO,2023,161.83
REGION1,INDDSL,2023,106.95
REGION1,INDELCB02,2023,0
REGION1,INDNGS,2023,211.63
REGION1,JFL,2023,0
REGION1,KER,2023,0
REGION1,LALFHIBC1,2023,0
REGION1,LALFHRBC1,2023,0
REGION1,LALFIIBC1,2023,0
REGION1,LALFIRBC1,2023,0
REGION1,LALFLRBC1,2023,0
REGION1,LBARBC1,2023,0
REGION1,LBC1,2023,0
REGION1,LBLTBC1,2023,0
REGION1,LBRLHIBC1,2023,0
REGION1,LBRLHRBC1,2023,0
REGION1,LBRLIIBC1,2023,0
REGION1,LBRLIRBC1,2023,0
REGION1,LBRLLRBC1,2023,0
REGION1,LFORBC1,2023,0
REGION1,LGRSBC1,2023,0
REGION1,LMAIHIBC1,2023,0
REGION1,LMAIHRBC1,2023,0
REGION1,LMAIIIBC1,2023,0
REGION1,LMAIIRBC1,2023,0
REGION1,LMAILRBC1,2023,0
REGION1,LND4PWR,2023,3.8121
REGION1,LOATHIBC1,2023,0
REGION1,LOATHRBC1,2023,0
REGION1,LOATIIBC1,2023,0
REGION1,LOATIRBC1,2023,0
REGION1,LOATLRBC1,2023,0
REGION1,LOTHBC1,2023,0
REGION1,LOTHHIBC1,2023,0
REGION1,LOTHHRBC1,2023,0
REGION1,LOTHIIBC1,2023,0
REGION1,LOTHIRBC1,2023,0
REGION1,LOTHLRBC1,2023,0
REGION1,LPEAHIBC1,2023,0
REGION1,LPEAHRBC1,2023,0
REGION1,LPEAIIBC1,2023,0
REGION1,LPEAIRBC1,2023,0
REGION1,LPEALRBC1,2023,0
REGION1,LPG,2023,0
REGION1,LPTWHIBC1,2023,0
REGION1,LPTWHRBC1,2023,0
REGION1,LPTWIIBC1,2023,0
REGION1,LPTWIRBC1,2023,0
REGION1,LPTWLRBC1,2023,0
REGION1,LRAPHIBC1,2023,0
REGION1,LRAPHRBC1,2023,0
REGION1,LRAPIIBC1,2023,0
REGION1,LRAPIRBC1,2023,0
REGION1,LRAPLRBC1,2023,0
REGION1,LRYEHIBC1,2023,0
REGION1,LRYEHRBC1,2023,0
REGION1,LRYEIIBC1,2023,0
REGION1,LRYEIRBC1,2023,0
REGION1,LRYELRBC1,2023,0
REGION1,LWATBC1,2023,0
REGION1,LWHEHIBC1,2023,0
REGION1,LWHEHRBC1,2023,0
REGION1,LWHEIIBC1,2023,0
REGION1,LWHEIRBC1,2023,0
REGION1,LWHELRBC1,2023,0
REGION1,NGS,2023,0
REGION1,PUBWATBC1,2023,0.87
REGION1,PWRBIO,2023,0
REGION1,PWRGEO,2023,0
REGION1,PWRHYD,2023,0
REGION1,PWRNGS,2023,0
REGION1,PWRSOL,2023,0
REGION1,PWRURN,2023,0
REGION1,PWRWATBC1,2023,0
REGION1,PWRWND,2023,0
REGION1,RESBIO,2023,13.72
REGION1,RESELCB02,2023,0
REGION1,RESKER,2023,0.87
REGION1,RESNGS,2023,86.07
REGION1,SOL,2023,0
REGION1,TRABIO,2023,22.33
REGION1,TRADSL,2023,94.79
REGION1,TRAELCB02,2023,0
REGION1,TRAGSL,2023,145.36
REGION1,TRAHFO,2023,9.96
REGION1,TRAJFL,2023,38.53
REGION1,TRALPG,2023,2.86
REGION1,TRANGS,2023,2.86
REGION1,URN,2023,0
REGION1,WND,2023,0
REGION1,WTREVTBC1,2023,0
REGION1,WTRGRCBC1,2023,0
REGION1,WTRPRCBC1,2023,0
REGION1,WTRSURBC1,2023,0
REGION1,AGRDSL,2024,17.594
REGION1,AGRELCB02,2024,0
REGION1,AGRNGS,2024,0
REGION1,AGRWATBC1,2024,0
REGION1,BIO,2024,0
REGION1,COA,2024,0
REGION1,COMBIO,2024,0.31
REGION1,COMELCB02,2024,0
REGION1,COMKER,2024,11.33
REGION1,COMNGS,2024,84.63
REGION1,CRPALF,2024,1.44
REGION1,CRPBAR,2024,0.068
REGION1,CRPMAI,2024,0.613
REGION1,CRPOAT,2024,0.07
REGION1,CRPOTH,2024,0.32
REGION1,CRPPEA,2024,0.036
REGION1,CRPPTW,2024,0.00012
REGION1,CRPRAP,2024,0.088
REGION1,CRPRYE,2024,0.0024
REGION1,CRPWHE,2024,0.08
REGION1,CRU,2024,0
REGION1,DSL,2024,0
REGION1,ELCB01,2024,0
REGION1,ELCB02,2024,0
REGION1,GEO,2024,0
REGION1,GSL,2024,0
REGION1,HFO,2024,0
REGION1,HYD,2024,0
REGION1,INDBIO,2024,162.64
REGION1,INDDSL,2024,107.33
REGION1,INDELCB02,2024,0
REGION1,INDNGS,2024,221.34
REGION1,JFL,2024,0
REGION1,KER,2024,0
REGION1,LALFHIBC1,2024,0
REGION1,LALFHRBC1,2024,0
REGION1,LALFIIBC1,2024,0
REGION1,LALFIRBC1,2024,0
REGION1,LALFLRBC1,2024,0
REGION1,LBARBC1,2024,0
REGION1,LBC1,2024,0
REGION1,LBLTBC1,2024,0
REGION1,LBRLHIBC1,2024,0
REGION1,LBRLHRBC1,2024,0
REGION1,LBRLIIBC1,2024,0
REGION1,LBRLIRBC1,2024,0
REGION1,LBRLLRBC1,2024,0
REGION1,LFORBC1,2024,0
REGION1,LGRSBC1,2024,0
REGION1,LMAIHIBC1,2024,0
REGION1,LMAIHRBC1,2024,0
REGION1,LMAIIIBC1,2024,0
REGION1,LMAIIRBC1,2024,0
REGION1,LMAILRBC1,2024,0
REGION1,LND4PWR,2024,3.854
REGION1,LOATHIBC1,2024,0
REGION1,LOATHRBC1,2024,0
REGION1,LOATIIBC1,2024,0
REGION1,LOATIRBC1,2024,0
REGION1,LOATLRBC1,2024,0
REGION1,LOTHBC1,2024,0
REGION1,LOTHHIBC1,2024,0
REGION1,LOTHHRBC1,2024,0
REGION1,LOTHIIBC1,2024,0
REGION1,LOTHIRBC1,2024,0
REGION1,LOTHLRBC1,2024,0
REGION1,LPEAHIBC1,2024,0
REGION1,LPEAHRBC1,2024,0
REGION1,LPEAIIBC1,2024,0
REGION1,LPEAIRBC1,2024,0
REGION1,LPEALRBC1,2024,0
REGION1,LPG,2024,0
REGION1,LPTWHIBC1,2024,0
REGION1,LPTWHRBC1,2024,0
REGION1,LPTWIIBC1,2024,0
REGION1,LPTWIRBC1,2024,0
REGION1,LPTWLRBC1,2024,0
REGION1,LRAPHIBC1,2024,0
REGION1,LRAPHRBC1,2024,0
REGION1,LRAPIIBC1,2024,0
REGION1,LRAPIRBC1,2024,0
REGION1,LRAPLRBC1,2024,0
REGION1,LRYEHIBC1,2024,0
REGION1,LRYEHRBC1,2024,0
REGION1,LRYEIIBC1,2024,0
REGION1,LRYEIRBC1,2024,0
REGION1,LRYELRBC1,2024,0
REGION1,LWATBC1,2024,0
REGION1,LWHEHIBC1,2024,0
REGION1,LWHEHRBC1,2024,0
REGION1,LWHEIIBC1,2024,0
REGION1,LWHEIRBC1,2024,0
REGION1,LWHELRBC1,2024,0
REGION1,NGS,2024,0
REGION1,PUBWATBC1,2024,0.88
REGION1,PWRBIO,2024,0
REGION1,PWRGEO,2024,0
REGION1,PWRHYD,2024,0
REGION1,PWRNGS,2024,0
REGION1,PWRSOL,2024,0
REGION1,PWRURN,2024,0
REGION1,PWRWATBC1,2024,0
REGION1,PWRWND,2024,0
REGION1,RESBIO,2024,14
REGION1,RESELCB02,2024,0
REGION1,RESKER,2024,0.87
REGION1,RESNGS,2024,87.65
REGION1,SOL,2024,0
REGION1,TRABIO,2024,22.04
REGION1,TRADSL,2024,93.85
REGION1,TRAELCB02,2024,0
REGION1,TRAGSL,2024,142.73
REGION1,TRAHFO,2024,9.75
REGION1,TRAJFL,2024,38.73
REGION1,TRALPG,2024,2.91
REGION1,TRANGS,2024,3.17
REGION1,URN,2024,0
REGION1,WND,2024,0
REGION1,WTREVTBC1,2024,0
REGION1,WTRGRCBC1,2024,0
REGION1,WTRPRCBC1,2024,0
REGION1,WTRSURBC1,2024,0
REGION1,AGRDSL,2025,18.141
REGION1,AGRELCB02,2025,0
REGION1,AGRNGS,2025,0
REGION1,AGRWATBC1,2025,0
REGION1,BIO,2025,0
REGION1,COA,2025,0
REGION1,COMBIO,2025,0.35
REGION1,COMELCB02,2025,0
REGION1,COMKER,2025,11.48
REGION1,COMNGS,2025,85.66
REGION1,CRPALF,2025,1.441
REGION1,CRPBAR,2025,0.07
REGION1,CRPMAI,2025,0.613
REGION1,CRPOAT,2025,0.072
REGION1,CRPOTH,2025,0.32
REGION1,CRPPEA,2025,0.037
REGION1,CRPPTW,2025,0.00013
REGION1,CRPRAP,2025,0.089
REGION1,CRPRYE,2025,0.0024
REGION1,CRPWHE,2025,0.081
REGION1,CRU,2025,0
REGION1,DSL,2025,0
REGION1,ELCB01,2025,0
REGION1,ELCB02,2025,0
REGION1,GEO,2025,0
REGION1,GSL,2025,0
REGION1,HFO,2025,0
REGION1,HYD,2025,0
REGION1,INDBIO,2025,162.14
REGION1,INDDSL,2025,108.15
REGION1,INDELCB02,2025,0
REGION1,INDNGS,2025,242.83
REGION1,JFL,2025,0
REGION1,KER,2025,0
REGION1,LALFHIBC1,2025,0
REGION1,LALFHRBC1,2025,0
REGION1,LALFIIBC1,2025,0
REGION1,LALFIRBC1,2025,0
REGION1,LALFLRBC1,2025,0
REGION1,LBARBC1,2025,0
REGION1,LBC1,2025,0
REGION1,LBLTBC1,2025,0
REGION1,LBRLHIBC1,2025,0
REGION1,LBRLHRBC1,2025,0
REGION1,LBRLIIBC1,2025,0
REGION1,LBRLIRBC1,2025,0
REGION1,LBRLLRBC1,2025,0
REGION1,LFORBC1,2025,0
REGION1,LGRSBC1,2025,0
REGION1,LMAIHIBC1,2025,0
REGION1,LMAIHRBC1,2025,0
REGION1,LMAIIIBC1,2025,0
REGION1,LMAIIRBC1,2025,0
REGION1,LMAILRBC1,2025,0
REGION1,LND4PWR,2025,3.8964
REGION1,LOATHIBC1,2025,0
REGION1,LOATHRBC1,2025,0
REGION1,LOATIIBC1,2025,0
REGION1,LOATIRBC1,2025,0
REGION1,LOATLRBC1,2025,0
REGION1,LOTHBC1,2025,0
REGION1,LOTHHIBC1,2025,0
REGION1,LOTHHRBC1,2025,0
REGION1,LOTHIIBC1,2025,0
REGION1,LOTHIRBC1,2025,0
REGION1,LOTHLRBC1,2025,0
REGION1,LPEAHIBC1,2025,0
REGION1,LPEAHRBC1,2025,0
REGION1,LPEAIIBC1,2025,0
REGION1,LPEAIRBC1,2025,0
REGION1,LPEALRBC1,2025,0
REGION1,LPG,2025,0
REGION1,LPTWHIBC1,2025,0
REGION1,LPTWHRBC1,2025,0
REGION1,LPTWIIBC1,2025,0
REGION1,LPTWIRBC1,2025,0
REGION1,LPTWLRBC1,2025,0
REGION1,LRAPHIBC1,2025,0
REGION1,LRAPHRBC1,2025,0
REGION1,LRAPIIBC1,2025,0
REGION1,LRAPIRBC1,2025,0
REGION1,LRAPLRBC1,2025,0
REGION1,LRYEHIBC1,2025,0
REGION1,LRYEHRBC1,2025,0
REGION1,LRYEIIBC1,2025,0
REGION1,LRYEIRBC1,2025,0
REGION1,LRYELRBC1,2025,0
REGION1,LWATBC1,2025,0
REGION1,LWHEHIBC1,2025,0
REGION1,LWHEHRBC1,2025,0
REGION1,LWHEIIBC1,2025,0
REGION1,LWHEIRBC1,2025,0
REGION1,LWHELRBC1,2025,0
REGION1,NGS,2025,0
REGION1,PUBWATBC1,2025,0.89
REGION1,PWRBIO,2025,0
REGION1,PWRGEO,2025,0
REGION1,PWRHYD,2025,0
REGION1,PWRNGS,2025,0
REGION1,PWRSOL,2025,0
REGION1,PWRURN,2025,0
REGION1,PWRWATBC1,2025,0
REGION1,PWRWND,2025,0
REGION1,RESBIO,2025,14.26
REGION1,RESELCB02,2025,0
REGION1,RESKER,2025,0.87
REGION1,RESNGS,2025,89.07
REGION1,SOL,2025,0
REGION1,TRABIO,2025,21.82
REGION1,TRADSL,2025,93.41
REGION1,TRAELCB02,2025,0
REGION1,TRAGSL,2025,140.26
REGION1,TRAHFO,2025,9.59
REGION1,TRAJFL,2025,39.17
REGION1,TRALPG,2025,2.96
REGION1,TRANGS,2025,3.55
REGION1,URN,2025,0
REGION1,WND,2025,0
REGION1,WTREVTBC1,2025,0
REGION1,WTRGRCBC1,2025,0
REGION1,WTRPRCBC1,2025,0
REGION1,WTRSURBC1,2025,0
REGION1,AGRDSL,2026,18.766
REGION1,AGRELCB02,2026,0
REGION1,AGRNGS,2026,0
REGION1,AGRWATBC1,2026,0
REGION1,BIO,2026,0
REGION1,COA,2026,0
REGION1,COMBIO,2026,0.4
REGION1,COMELCB02,2026,0
REGION1,COMKER,2026,11.65
REGION1,COMNGS,2026,87.17
REGION1,CRPALF,2026,1.443
REGION1,CRPBAR,2026,0.073
REGION1,CRPMAI,2026,0.625
REGION1,CRPOAT,2026,0.073
REGION1,CRPOTH,2026,0.324
REGION1,CRPPEA,2026,0.038
REGION1,CRPPTW,2026,0.00013
REGION1,CRPRAP,2026,0.091
REGION1,CRPRYE,2026,0.0024
REGION1,CRPWHE,2026,0.082
REGION1,CRU,2026,0
REGION1,DSL,2026,0
REGION1,ELCB01,2026,0
REGION1,ELCB02,2026,0
REGION1,GEO,2026,0
REGION1,GSL,2026,0
REGION1,HFO,2026,0
REGION1,HYD,2026,0
REGION1,INDBIO,2026,161.92
REGION1,INDDSL,2026,109.45
REGION1,INDELCB02,2026,0
REGION1,INDNGS,2026,275.13
REGION1,JFL,2026,0
REGION1,KER,2026,0
REGION1,LALFHIBC1,2026,0
REGION1,LALFHRBC1,2026,0
REGION1,LALFIIBC1,2026,0
REGION1,LALFIRBC1,2026,0
REGION1,LALFLRBC1,2026,0
REGION1,LBARBC1,2026,0
REGION1,LBC1,2026,0
REGION1,LBLTBC1,2026,0
REGION1,LBRLHIBC1,2026,0
REGION1,LBRLHRBC1,2026,0
REGION1,LBRLIIBC1,2026,0
REGION1,LBRLIRBC1,2026,0
REGION1,LBRLLRBC1,2026,0
REGION1,LFORBC1,2026,0
REGION1,LGRSBC1,2026,0
REGION1,LMAIHIBC1,2026,0
REGION1,LMAIHRBC1,2026,0
REGION1,LMAIIIBC1,2026,0
REGION1,LMAIIRBC1,2026,0
REGION1,LMAILRBC1,2026,0
REGION1,LND4PWR,2026,3.9393
REGION1,LOATHIBC1,2026,0
REGION1,LOATHRBC1,2026,0
REGION1,LOATIIBC1,2026,0
REGION1,LOATIRBC1,2026,0
REGION1,LOATLRBC1,2026,0
REGION1,LOTHBC1,2026,0
REGION1,LOTHHIBC1,2026,0
REGION1,LOTHHRBC1,2026,0
REGION1,LOTHIIBC1,2026,0
REGION1,LOTHIRBC1,2026,0
REGION1,LOTHLRBC1,2026,0
REGION1,LPEAHIBC1,2026,0
REGION1,LPEAHRBC1,2026,0
REGION1,LPEAIIBC1,2026,0
REGION1,LPEAIRBC1,2026,0
REGION1,LPEALRBC1,2026,0
REGION1,LPG,2026,0
REGION1,LPTWHIBC1,2026,0
REGION1,LPTWHRBC1,2026,0
REGION1,LPTWIIBC1,2026,0
REGION1,LPTWIRBC1,2026,0
REGION1,LPTWLRBC1,2026,0
REGION1,LRAPHIBC1,2026,0
REGION1,LRAPHRBC1,2026,0
REGION1,LRAPIIBC1,2026,0
REGION1,LRAPIRBC1,2026,0
REGION1,LRAPLRBC1,2026,0
REGION1,LRYEHIBC1,2026,0
REGION1,LRYEHRBC1,2026,0
REGION1,LRYEIIBC1,2026,0
REGION1,LRYEIRBC1,2026,0
REGION1,LRYELRBC1,2026,0
REGION1,LWATBC1,2026,0
REGION1,LWHEHIBC1,2026,0
REGION1,LWHEHRBC1,2026,0
REGION1,LWHEIIBC1,2026,0
REGION1,LWHEIRBC1,2026,0
REGION1,LWHELRBC1,2026,0
REGION1,NGS,2026,0
REGION1,PUBWATBC1,2026,0.9
REGION1,PWRBIO,2026,0
REGION1,PWRGEO,2026,0
REGION1,PWRHYD,2026,0
REGION1,PWRNGS,2026,0
REGION1,PWRSOL,2026,0
REGION1,PWRURN,2026,0
REGION1,PWRWATBC1,2026,0
REGION1,PWRWND,2026,0
REGION1,RESBIO,2026,14.51
REGION1,RESELCB02,2026,0
REGION1,RESKER,2026,0.88
REGION1,RESNGS,2026,90.33
REGION1,SOL,2026,0
REGION1,TRABIO,2026,21.65
REGION1,TRADSL,2026,93.19
REGION1,TRAELCB02,2026,0
REGION1,TRAGSL,2026,138.06
REGION1,TRAHFO,2026,9.45
REGION1,TRAJFL,2026,39.68
REGION1,TRALPG,2026,3.02
REGION1,TRANGS,2026,3.97
REGION1,URN,2026,0
REGION1,WND,2026,0
REGION1,WTREVTBC1,2026,0
REGION1,WTRGRCBC1,2026,0
REGION1,WTRPRCBC1,2026,0
REGION1,WTRSURBC1,2026,0
REGION1,AGRDSL,2027,19.43
REGION1,AGRELCB02,2027,0
REGION1,AGRNGS,2027,0
REGION1,AGRWATBC1,2027,0
REGION1,BIO,2027,0
REGION1,COA,2027,0
REGION1,COMBIO,2027,0.45
REGION1,COMELCB02,2027,0
REGION1,COMKER,2027,11.83
REGION1,COMNGS,2027,88.55
REGION1,CRPALF,2027,1.445
REGION1,CRPBAR,2027,0.076
REGION1,CRPMAI,2027,0.626
REGION1,CRPOAT,2027,0.074
REGION1,CRPOTH,2027,0.329
REGION1,CRPPEA,2027,0.04
REGION1,CRPPTW,2027,0.00013
REGION1,CRPRAP,2027,0.093
REGION1,CRPRYE,2027,0.0024
REGION1,CRPWHE,2027,0.083
REGION1,CRU,2027,0
REGION1,DSL,2027,0
REGION1,ELCB01,2027,0
REGION1,ELCB02,2027,0
REGION1,GEO,2027,0
REGION1,GSL,2027,0
REGION1,HFO,2027,0
REGION1,HYD,2027,0
REGION1,INDBIO,2027,161.82
REGION1,INDDSL,2027,110.63
REGION1,INDELCB02,2027,0
REGION1,INDNGS,2027,283.17
REGION1,JFL,2027,0
REGION1,KER,2027,0
REGION1,LALFHIBC1,2027,0
REGION1,LALFHRBC1,2027,0
REGION1,LALFIIBC1,2027,0
REGION1,LALFIRBC1,2027,0
REGION1,LALFLRBC1,2027,0
REGION1,LBARBC1,2027,0
REGION1,LBC1,2027,0
REGION1,LBLTBC1,2027,0
REGION1,LBRLHIBC1,2027,0
REGION1,LBRLHRBC1,2027,0
REGION1,LBRLIIBC1,2027,0
REGION1,LBRLIRBC1,2027,0
REGION1,LBRLLRBC1,2027,0
REGION1,LFORBC1,2027,0
REGION1,LGRSBC1,2027,0
REGION1,LMAIHIBC1,2027,0
REGION1,LMAIHRBC1,2027,0
REGION1,LMAIIIBC1,2027,0
REGION1,LMAIIRBC1,2027,0
REGION1,LMAILRBC1,2027,0
REGION1,LND4PWR,2027,3.9826
REGION1,LOATHIBC1,2027,0
REGION1,LOATHRBC1,2027,0
REGION1,LOATIIBC1,2027,0
REGION1,LOATIRBC1,2027,0
REGION1,LOATLRBC1,2027,0
REGION1,LOTHBC1,2027,0
REGION1,LOTHHIBC1,2027,0
REGION1,LOTHHRBC1,2027,0
REGION1,LOTHIIBC1,2027,0
REGION1,LOTHIRBC1,2027,0
REGION1,LOTHLRBC1,2027,0
REGION1,LPEAHIBC1,2027,0
REGION1,LPEAHRBC1,2027,0
REGION1,LPEAIIBC1,2027,0
REGION1,LPEAIRBC1,2027,0
REGION1,LPEALRBC1,2027,0
REGION1,LPG,2027,0
REGION1,LPTWHIBC1,2027,0
REGION1,LPTWHRBC1,2027,0
REGION1,LPTWIIBC1,2027,0
REGION1,LPTWIRBC1,2027,0
REGION1,LPTWLRBC1,2027,0
REGION1,LRAPHIBC1,2027,0
REGION1,LRAPHRBC1,2027,0
REGION1,LRAPIIBC1,2027,0
REGION1,LRAPIRBC1,2027,0
REGION1,LRAPLRBC1,2027,0
REGION1,LRYEHIBC1,2027,0
REGION1,LRYEHRBC1,2027,0
REGION1,LRYEIIBC1,2027,0
REGION1,LRYEIRBC1,2027,0
REGION1,LRYELRBC1,2027,0
REGION1,LWATBC1,2027,0
REGION1,LWHEHIBC1,2027,0
REGION1,LWHEHRBC1,2027,0
REGION1,LWHEIIBC1,2027,0
REGION1,LWHEIRBC1,2027,0
REGION1,LWHELRBC1,2027,0
REGION1,NGS,2027,0
REGION1,PUBWATBC1,2027,0.91
REGION1,PWRBIO,2027,0
REGION1,PWRGEO,2027,0
REGION1,PWRHYD,2027,0
REGION1,PWRNGS,2027,0
REGION1,PWRSOL,2027,0
REGION1,PWRURN,2027,0
REGION1,PWRWATBC1,2027,0
REGION1,PWRWND,2027,0
REGION1,RESBIO,2027,14.72
REGION1,RESELCB02,2027,0
REGION1,RESKER,2027,0.88
REGION1,RESNGS,2027,91.4
REGION1,SOL,2027,0
REGION1,TRABIO,2027,21.51
REGION1,TRADSL,2027,93.07
REGION1,TRAELCB02,2027,0
REGION1,TRAGSL,2027,135.99
REGION1,TRAHFO,2027,9.33
REGION1,TRAJFL,2027,40.21
REGION1,TRALPG,2027,3.07
REGION1,TRANGS,2027,4.43
REGION1,URN,2027,0
REGION1,WND,2027,0
REGION1,WTREVTBC1,2027,0
REGION1,WTRGRCBC1,2027,0
REGION1,WTRPRCBC1,2027,0
REGION1,WTRSURBC1,2027,0
REGION1,AGRDSL,2028,20.135
REGION1,AGRELCB02,2028,0
REGION1,AGRNGS,2028,0
REGION1,AGRWATBC1,2028,0
REGION1,BIO,2028,0
REGION1,COA,2028,0
REGION1,COMBIO,2028,0.49
REGION1,COMELCB02,2028,0
REGION1,COMKER,2028,12.03
REGION1,COMNGS,2028,89.37
REGION1,CRPALF,2028,1.447
REGION1,CRPBAR,2028,0.078
REGION1,CRPMAI,2028,0.645
REGION1,CRPOAT,2028,0.075
REGION1,CRPOTH,2028,0.336
REGION1,CRPPEA,2028,0.041
REGION1,CRPPTW,2028,0.00013
REGION1,CRPRAP,2028,0.094
REGION1,CRPRYE,2028,0.0024
REGION1,CRPWHE,2028,0.084
REGION1,CRU,2028,0
REGION1,DSL,2028,0
REGION1,ELCB01,2028,0
REGION1,ELCB02,2028,0
REGION1,GEO,2028,0
REGION1,GSL,2028,0
REGION1,HFO,2028,0
REGION1,HYD,2028,0
REGION1,INDBIO,2028,161.68
REGION1,INDDSL,2028,111.27
REGION1,INDELCB02,2028,0
REGION1,INDNGS,2028,284.61
REGION1,JFL,2028,0
REGION1,KER,2028,0
REGION1,LALFHIBC1,2028,0
REGION1,LALFHRBC1,2028,0
REGION1,LALFIIBC1,2028,0
REGION1,LALFIRBC1,2028,0
REGION1,LALFLRBC1,2028,0
REGION1,LBARBC1,2028,0
REGION1,LBC1,2028,0
REGION1,LBLTBC1,2028,0
REGION1,LBRLHIBC1,2028,0
REGION1,LBRLHRBC1,2028,0
REGION1,LBRLIIBC1,2028,0
REGION1,LBRLIRBC1,2028,0
REGION1,LBRLLRBC1,2028,0
REGION1,LFORBC1,2028,0
REGION1,LGRSBC1,2028,0
REGION1,LMAIHIBC1,2028,0
REGION1,LMAIHRBC1,2028,0
REGION1,LMAIIIBC1,2028,0
REGION1,LMAIIRBC1,2028,0
REGION1,LMAILRBC1,2028,0
REGION1,LND4PWR,2028,4.0264
REGION1,LOATHIBC1,2028,0
REGION1,LOATHRBC1,2028,0
REGION1,LOATIIBC1,2028,0
REGION1,LOATIRBC1,2028,0
REGION1,LOATLRBC1,2028,0
REGION1,LOTHBC1,2028,0
REGION1,LOTHHIBC1,2028,0
REGION1,LOTHHRBC1,2028,0
REGION1,LOTHIIBC1,2028,0
REGION1,LOTHIRBC1,2028,0
REGION1,LOTHLRBC1,2028,0
REGION1,LPEAHIBC1,2028,0
REGION1,LPEAHRBC1,2028,0
REGION1,LPEAIIBC1,2028,0
REGION1,LPEAIRBC1,2028,0
REGION1,LPEALRBC1,2028,0
REGION1,LPG,2028,0
REGION1,LPTWHIBC1,2028,0
REGION1,LPTWHRBC1,2028,0
REGION1,LPTWIIBC1,2028,0
REGION1,LPTWIRBC1,2028,0
REGION1,LPTWLRBC1,2028,0
REGION1,LRAPHIBC1,2028,0
REGION1,LRAPHRBC1,2028,0
REGION1,LRAPIIBC1,2028,0
REGION1,LRAPIRBC1,2028,0
REGION1,LRAPLRBC1,2028,0
REGION1,LRYEHIBC1,2028,0
REGION1,LRYEHRBC1,2028,0
REGION1,LRYEIIBC1,2028,0
REGION1,LRYEIRBC1,2028,0
REGION1,LRYELRBC1,2028,0
REGION1,LWATBC1,2028,0
REGION1,LWHEHIBC1,2028,0
REGION1,LWHEHRBC1,2028,0
REGION1,LWHEIIBC1,2028,0
REGION1,LWHEIRBC1,2028,0
REGION1,LWHELRBC1,2028,0
REGION1,NGS,2028,0
REGION1,PUBWATBC1,2028,0.92
REGION1,PWRBIO,2028,0
REGION1,PWRGEO,2028,0
REGION1,PWRHYD,2028,0
REGION1,PWRNGS,2028,0
REGION1,PWRSOL,2028,0
REGION1,PWRURN,2028,0
REGION1,PWRWATBC1,2028,0
REGION1,PWRWND,2028,0
REGION1,RESBIO,2028,14.94
REGION1,RESELCB02,2028,0
REGION1,RESKER,2028,0.88
REGION1,RESNGS,2028,92.48
REGION1,SOL,2028,0
REGION1,TRABIO,2028,21.34
REGION1,TRADSL,2028,92.45
REGION1,TRAELCB02,2028,0
REGION1,TRAGSL,2028,133.81
REGION1,TRAHFO,2028,9.2
REGION1,TRAJFL,2028,40.63
REGION1,TRALPG,2028,3.13
REGION1,TRANGS,2028,5.16
REGION1,URN,2028,0
REGION1,WND,2028,0
REGION1,WTREVTBC1,2028,0
REGION1,WTRGRCBC1,2028,0
REGION1,WTRPRCBC1,2028,0
REGION1,WTRSURBC1,2028,0
REGION1,AGRDSL,2029,20.724
REGION1,AGRELCB02,2029,0
REGION1,AGRNGS,2029,0
REGION1,AGRWATBC1,2029,0
REGION1,BIO,2029,0
REGION1,COA,2029,0
REGION1,COMBIO,2029,0.54
REGION1,COMELCB02,2029,0
REGION1,COMKER,2029,12.23
REGION1,COMNGS,2029,90.42
REGION1,CRPALF,2029,1.448
REGION1,CRPBAR,2029,0.079
REGION1,CRPMAI,2029,0.657
REGION1,CRPOAT,2029,0.077
REGION1,CRPOTH,2029,0.339
REGION1,CRPPEA,2029,0.043
REGION1,CRPPTW,2029,0.00013
REGION1,CRPRAP,2029,0.096
REGION1,CRPRYE,2029,0.0024
REGION1,CRPWHE,2029,0.085
REGION1,CRU,2029,0
REGION1,DSL,2029,0
REGION1,ELCB01,2029,0
REGION1,ELCB02,2029,0
REGION1,GEO,2029,0
REGION1,GSL,2029,0
REGION1,HFO,2029,0
REGION1,HYD,2029,0
REGION1,INDBIO,2029,161.08
REGION1,INDDSL,2029,111.29
REGION1,INDELCB02,2029,0
REGION1,INDNGS,2029,286.56
REGION1,JFL,2029,0
REGION1,KER,2029,0
REGION1,LALFHIBC1,2029,0
REGION1,LALFHRBC1,2029,0
REGION1,LALFIIBC1,2029,0
REGION1,LALFIRBC1,2029,0
REGION1,LALFLRBC1,2029,0
REGION1,LBARBC1,2029,0
REGION1,LBC1,2029,0
REGION1,LBLTBC1,2029,0
REGION1,LBRLHIBC1,2029,0
REGION1,LBRLHRBC1,2029,0
REGION1,LBRLIIBC1,2029,0
REGION1,LBRLIRBC1,2029,0
REGION1,LBRLLRBC1,2029,0
REGION1,LFORBC1,2029,0
REGION1,LGRSBC1,2029,0
REGION1,LMAIHIBC1,2029,0
REGION1,LMAIHRBC1,2029,0
REGION1,LMAIIIBC1,2029,0
REGION1,LMAIIRBC1,2029,0
REGION1,LMAILRBC1,2029,0
REGION1,LND4PWR,2029,4.0707
REGION1,LOATHIBC1,2029,0
REGION1,LOATHRBC1,2029,0
REGION1,LOATIIBC1,2029,0
REGION1,LOATIRBC1,2029,0
REGION1,LOATLRBC1,2029,0
REGION1,LOTHBC1,2029,0
REGION1,LOTHHIBC1,2029,0
REGION1,LOTHHRBC1,2029,0
REGION1,LOTHIIBC1,2029,0
REGION1,LOTHIRBC1,2029,0
REGION1,LOTHLRBC1,2029,0
REGION1,LPEAHIBC1,2029,0
REGION1,LPEAHRBC1,2029,0
REGION1,LPEAIIBC1,2029,0
REGION1,LPEAIRBC1,2029,0
REGION1,LPEALRBC1,2029,0
REGION1,LPG,2029,0
REGION1,LPTWHIBC1,2029,0
REGION1,LPTWHRBC1,2029,0
REGION1,LPTWIIBC1,2029,0
REGION1,LPTWIRBC1,2029,0
REGION1,LPTWLRBC1,2029,0
REGION1,LRAPHIBC1,2029,0
REGION1,LRAPHRBC1,2029,0
REGION1,LRAPIIBC1,2029,0
REGION1,LRAPIRBC1,2029,0
REGION1,LRAPLRBC1,2029,0
REGION1,LRYEHIBC1,2029,0
REGION1,LRYEHRBC1,2029,0
REGION1,LRYEIIBC1,2029,0
REGION1,LRYEIRBC1,2029,0
REGION1,LRYELRBC1,2029,0
REGION1,LWATBC1,2029,0
REGION1,LWHEHIBC1,2029,0
REGION1,LWHEHRBC1,2029,0
REGION1,LWHEIIBC1,2029,0
REGION1,LWHEIRBC1,2029,0
REGION1,LWHELRBC1,2029,0
REGION1,NGS,2029,0
REGION1,PUBWATBC1,2029,0.93
REGION1,PWRBIO,2029,0
REGION1,PWRGEO,2029,0
REGION1,PWRHYD,2029,0
REGION1,PWRNGS,2029,0
REGION1,PWRSOL,2029,0
REGION1,PWRURN,2029,0
REGION1,PWRWATBC1,2029,0
REGION1,PWRWND,2029,0
REGION1,RESBIO,2029,15.14
REGION1,RESELCB02,2029,0
REGION1,RESKER,2029,0.88
REGION1,RESNGS,2029,93.38
REGION1,SOL,2029,0
REGION1,TRABIO,2029,21.14
REGION1,TRADSL,2029,91.89
REGION1,TRAELCB02,2029,0
REGION1,TRAGSL,2029,131.41
REGION1,TRAHFO,2029,9.06
REGION1,TRAJFL,2029,40.96
REGION1,TRALPG,2029,3.17
REGION1,TRANGS,2029,5.58
REGION1,URN,2029,0
REGION1,WND,2029,0
REGION1,WTREVTBC1,2029,0
REGION1,WTRGRCBC1,2029,0
REGION1,WTRPRCBC1,2029,0
REGION1,WTRSURBC1,2029,0
REGION1,AGRDSL,2030,21.4
REGION1,AGRELCB02,2030,0
REGION1,AGRNGS,2030,0
REGION1,AGRWATBC1,2030,0
REGION1,BIO,2030,0
REGION1,COA,2030,0
REGION1,COMBIO,2030,0.58
REGION1,COMELCB02,2030,0
REGION1,COMKER,2030,12.41
REGION1,COMNGS,2030,91.68
REGION1,CRPALF,2030,1.45
REGION1,CRPBAR,2030,0.082
REGION1,CRPMAI,2030,0.66
REGION1,CRPOAT,2030,0.078
REGION1,CRPOTH,2030,0.347
REGION1,CRPPEA,2030,0.044
REGION1,CRPPTW,2030,0.00014
REGION1,CRPRAP,2030,0.098
REGION1,CRPRYE,2030,0.0024
REGION1,CRPWHE,2030,0.086
REGION1,CRU,2030,0
REGION1,DSL,2030,0
REGION1,ELCB01,2030,0
REGION1,ELCB02,2030,0
REGION1,GEO,2030,0
REGION1,GSL,2030,0
REGION1,HFO,2030,0
REGION1,HYD,2030,0
REGION1,INDBIO,2030,160.31
REGION1,INDDSL,2030,111.38
REGION1,INDELCB02,2030,0
REGION1,INDNGS,2030,304.7
REGION1,JFL,2030,0
REGION1,KER,2030,0
REGION1,LALFHIBC1,2030,0
REGION1,LALFHRBC1,2030,0
REGION1,LALFIIBC1,2030,0
REGION1,LALFIRBC1,2030,0
REGION1,LALFLRBC1,2030,0
REGION1,LBARBC1,2030,0
REGION1,LBC1,2030,0
REGION1,LBLTBC1,2030,0
REGION1,LBRLHIBC1,2030,0
REGION1,LBRLHRBC1,2030,0
REGION1,LBRLIIBC1,2030,0
REGION1,LBRLIRBC1,2030,0
REGION1,LBRLLRBC1,2030,0
REGION1,LFORBC1,2030,0
REGION1,LGRSBC1,2030,0
REGION1,LMAIHIBC1,2030,0
REGION1,LMAIHRBC1,2030,0
REGION1,LMAIIIBC1,2030,0
REGION1,LMAIIRBC1,2030,0
REGION1,LMAILRBC1,2030,0
REGION1,LND4PWR,2030,4.1155
REGION1,LOATHIBC1,2030,0
REGION1,LOATHRBC1,2030,0
REGION1,LOATIIBC1,2030,0
REGION1,LOATIRBC1,2030,0
REGION1,LOATLRBC1,2030,0
REGION1,LOTHBC1,2030,0
REGION1,LOTHHIBC1,2030,0
REGION1,LOTHHRBC1,2030,0
REGION1,LOTHIIBC1,2030,0
REGION1,LOTHIRBC1,2030,0
REGION1,LOTHLRBC1,2030,0
REGION1,LPEAHIBC1,2030,0
REGION1,LPEAHRBC1,2030,0
REGION1,LPEAIIBC1,2030,0
REGION1,LPEAIRBC1,2030,0
REGION1,LPEALRBC1,2030,0
REGION1,LPG,2030,0
REGION1,LPTWHIBC1,2030,0
REGION1,LPTWHRBC1,2030,0
REGION1,LPTWIIBC1,2030,0
REGION1,LPTWIRBC1,2030,0
REGION1,LPTWLRBC1,2030,0
REGION1,LRAPHIBC1,2030,0
REGION1,LRAPHRBC1,2030,0
REGION1,LRAPIIBC1,2030,0
REGION1,LRAPIRBC1,2030,0
REGION1,LRAPLRBC1,2030,0
REGION1,LRYEHIBC1,2030,0
REGION1,LRYEHRBC1,2030,0
REGION1,LRYEIIBC1,2030,0
REGION1,LRYEIRBC1,2030,0
REGION1,LRYELRBC1,2030,0
REGION1,LWATBC1,2030,0
REGION1,LWHEHIBC1,2030,0
REGION1,LWHEHRBC1,2030,0
REGION1,LWHEIIBC1,2030,0
REGION1,LWHEIRBC1,2030,0
REGION1,LWHELRBC1,2030,0
REGION1,NGS,2030,0
REGION1,PUBWATBC1,2030,0.94
REGION1,PWRBIO,2030,0
REGION1,PWRGEO,2030,0
REGION1,PWRHYD,2030,0
REGION1,PWRNGS,2030,0
REGION1,PWRSOL,2030,0
REGION1,PWRURN,2030,0
REGION1,PWRWATBC1,2030,0
REGION1,PWRWND,2030,0
REGION1,RESBIO,2030,15.29
REGION1,RESELCB02,2030,0
REGION1,RESKER,2030,0.88
REGION1,RESNGS,2030,94.07
REGION1,SOL,2030,0
REGION1,TRABIO,2030,20.95
REGION1,TRADSL,2030,91.47
REGION1,TRAELCB02,2030,0
REGION1,TRAGSL,2030,129
REGION1,TRAHFO,2030,8.93
REGION1,TRAJFL,2030,41.33
REGION1,TRALPG,2030,3.2
REGION1,TRANGS,2030,6.04
REGION1,URN,2030,0
REGION1,WND,2030,0
REGION1,WTREVTBC1,2030,0
REGION1,WTRGRCBC1,2030,0
REGION1,WTRPRCBC1,2030,0
REGION1,WTRSURBC1,2030,0
REGION1,AGRDSL,2031,22.06
REGION1,AGRELCB02,2031,0
REGION1,AGRNGS,2031,0
REGION1,AGRWATBC1,2031,0
REGION1,BIO,2031,0
REGION1,COA,2031,0
REGION1,COMBIO,2031,0.63
REGION1,COMELCB02,2031,0
REGION1,COMKER,2031,12.57
REGION1,COMNGS,2031,93.23
REGION1,CRPALF,2031,1.452
REGION1,CRPBAR,2031,0.084
REGION1,CRPMAI,2031,0.674
REGION1,CRPOAT,2031,0.079
REGION1,CRPOTH,2031,0.353
REGION1,CRPPEA,2031,0.045
REGION1,CRPPTW,2031,0.00014
REGION1,CRPRAP,2031,0.099
REGION1,CRPRYE,2031,0.0023
REGION1,CRPWHE,2031,0.087
REGION1,CRU,2031,0
REGION1,DSL,2031,0
REGION1,ELCB01,2031,0
REGION1,ELCB02,2031,0
REGION1,GEO,2031,0
REGION1,GSL,2031,0
REGION1,HFO,2031,0
REGION1,HYD,2031,0
REGION1,INDBIO,2031,159.32
REGION1,INDDSL,2031,111.65
REGION1,INDELCB02,2031,0
REGION1,INDNGS,2031,330.46
REGION1,JFL,2031,0
REGION1,KER,2031,0
REGION1,LALFHIBC1,2031,0
REGION1,LALFHRBC1,2031,0
REGION1,LALFIIBC1,2031,0
REGION1,LALFIRBC1,2031,0
REGION1,LALFLRBC1,2031,0
REGION1,LBARBC1,2031,0
REGION1,LBC1,2031,0
REGION1,LBLTBC1,2031,0
REGION1,LBRLHIBC1,2031,0
REGION1,LBRLHRBC1,2031,0
REGION1,LBRLIIBC1,2031,0
REGION1,LBRLIRBC1,2031,0
REGION1,LBRLLRBC1,2031,0
REGION1,LFORBC1,2031,0
REGION1,LGRSBC1,2031,0
REGION1,LMAIHIBC1,2031,0
REGION1,LMAIHRBC1,2031,0
REGION1,LMAIIIBC1,2031,0
REGION1,LMAIIRBC1,2031,0
REGION1,LMAILRBC1,2031,0
REGION1,LND4PWR,2031,4.1607
REGION1,LOATHIBC1,2031,0
REGION1,LOATHRBC1,2031,0
REGION1,LOATIIBC1,2031,0
REGION1,LOATIRBC1,2031,0
REGION1,LOATLRBC1,2031,0
REGION1,LOTHBC1,2031,0
REGION1,LOTHHIBC1,2031,0
REGION1,LOTHHRBC1,2031,0
REGION1,LOTHIIBC1,2031,0
REGION1,LOTHIRBC1,2031,0
REGION1,LOTHLRBC1,2031,0
REGION1,LPEAHIBC1,2031,0
REGION1,LPEAHRBC1,2031,0
REGION1,LPEAIIBC1,2031,0
REGION1,LPEAIRBC1,2031,0
REGION1,LPEALRBC1,2031,0
REGION1,LPG,2031,0
REGION1,LPTWHIBC1,2031,0
REGION1,LPTWHRBC1,2031,0
REGION1,LPTWIIBC1,2031,0
REGION1,LPTWIRBC1,2031,0
REGION1,LPTWLRBC1,2031,0
REGION1,LRAPHIBC1,2031,0
REGION1,LRAPHRBC1,2031,0
REGION1,LRAPIIBC1,2031,0
REGION1,LRAPIRBC1,2031,0
REGION1,LRAPLRBC1,2031,0
REGION1,LRYEHIBC1,2031,0
REGION1,LRYEHRBC1,2031,0
REGION1,LRYEIIBC1,2031,0
REGION1,LRYEIRBC1,2031,0
REGION1,LRYELRBC1,2031,0
REGION1,LWATBC1,2031,0
REGION1,LWHEHIBC1,2031,0
REGION1,LWHEHRBC1,2031,0
REGION1,LWHEIIBC1,2031,0
REGION1,LWHEIRBC1,2031,0
REGION1,LWHELRBC1,2031,0
REGION1,NGS,2031,0
REGION1,PUBWATBC1,2031,0.95
REGION1,PWRBIO,2031,0
REGION1,PWRGEO,2031,0
REGION1,PWRHYD,2031,0
REGION1,PWRNGS,2031,0
REGION1,PWRSOL,2031,0
REGION1,PWRURN,2031,0
REGION1,PWRWATBC1,2031,0
REGION1,PWRWND,2031,0
REGION1,RESBIO,2031,15.44
REGION1,RESELCB02,2031,0
REGION1,RESKER,2031,0.88
REGION1,RESNGS,2031,94.8
REGION1,SOL,2031,0
REGION1,TRABIO,2031,20.75
REGION1,TRADSL,2031,91
REGION1,TRAELCB02,2031,0
REGION1,TRAGSL,2031,126.44
REGION1,TRAHFO,2031,8.81
REGION1,TRAJFL,2031,41.69
REGION1,TRALPG,2031,3.21
REGION1,TRANGS,2031,6.51
REGION1,URN,2031,0
REGION1,WND,2031,0
REGION1,WTREVTBC1,2031,0
REGION1,WTRGRCBC1,2031,0
REGION1,WTRPRCBC1,2031,0
REGION1,WTRSURBC1,2031,0
REGION1,AGRDSL,2032,22.707
REGION1,AGRELCB02,2032,0
REGION1,AGRNGS,2032,0
REGION1,AGRWATBC1,2032,0
REGION1,BIO,2032,0
REGION1,COA,2032,0
REGION1,COMBIO,2032,0.67
REGION1,COMELCB02,2032,0
REGION1,COMKER,2032,12.73
REGION1,COMNGS,2032,94.27
REGION1,CRPALF,2032,1.453
REGION1,CRPBAR,2032,0.086
REGION1,CRPMAI,2032,0.672
REGION1,CRPOAT,2032,0.081
REGION1,CRPOTH,2032,0.353
REGION1,CRPPEA,2032,0.047
REGION1,CRPPTW,2032,0.00014
REGION1,CRPRAP,2032,0.101
REGION1,CRPRYE,2032,0.0023
REGION1,CRPWHE,2032,0.088
REGION1,CRU,2032,0
REGION1,DSL,2032,0
REGION1,ELCB01,2032,0
REGION1,ELCB02,2032,0
REGION1,GEO,2032,0
REGION1,GSL,2032,0
REGION1,HFO,2032,0
REGION1,HYD,2032,0
REGION1,INDBIO,2032,158.18
REGION1,INDDSL,2032,112.12
REGION1,INDELCB02,2032,0
REGION1,INDNGS,2032,346.53
REGION1,JFL,2032,0
REGION1,KER,2032,0
REGION1,LALFHIBC1,2032,0
REGION1,LALFHRBC1,2032,0
REGION1,LALFIIBC1,2032,0
REGION1,LALFIRBC1,2032,0
REGION1,LALFLRBC1,2032,0
REGION1,LBARBC1,2032,0
REGION1,LBC1,2032,0
REGION1,LBLTBC1,2032,0
REGION1,LBRLHIBC1,2032,0
REGION1,LBRLHRBC1,2032,0
REGION1,LBRLIIBC1,2032,0
REGION1,LBRLIRBC1,2032,0
REGION1,LBRLLRBC1,2032,0
REGION1,LFORBC1,2032,0
REGION1,LGRSBC1,2032,0
REGION1,LMAIHIBC1,2032,0
REGION1,LMAIHRBC1,2032,0
REGION1,LMAIIIBC1,2032,0
REGION1,LMAIIRBC1,2032,0
REGION1,LMAILRBC1,2032,0
REGION1,LND4PWR,2032,4.2065
REGION1,LOATHIBC1,2032,0
REGION1,LOATHRBC1,2032,0
REGION1,LOATIIBC1,2032,0
REGION1,LOATIRBC1,2032,0
REGION1,LOATLRBC1,2032,0
REGION1,LOTHBC1,2032,0
REGION1,LOTHHIBC1,2032,0
REGION1,LOTHHRBC1,2032,0
REGION1,LOTHIIBC1,2032,0
REGION1,LOTHIRBC1,2032,0
REGION1,LOTHLRBC1,2032,0
REGION1,LPEAHIBC1,2032,0
REGION1,LPEAHRBC1,2032,0
REGION1,LPEAIIBC1,2032,0
REGION1,LPEAIRBC1,2032,0
REGION1,LPEALRBC1,2032,0
REGION1,LPG,2032,0
REGION1,LPTWHIBC1,2032,0
REGION1,LPTWHRBC1,2032,0
REGION1,LPTWIIBC1,2032,0
REGION1,LPTWIRBC1,2032,0
REGION1,LPTWLRBC1,2032,0
REGION1,LRAPHIBC1,2032,0
REGION1,LRAPHRBC1,2032,0
REGION1,LRAPIIBC1,2032,0
REGION1,LRAPIRBC1,2032,0
REGION1,LRAPLRBC1,2032,0
REGION1,LRYEHIBC1,2032,0
REGION1,LRYEHRBC1,2032,0
REGION1,LRYEIIBC1,2032,0
REGION1,LRYEIRBC1,2032,0
REGION1,LRYELRBC1,2032,0
REGION1,LWATBC1,2032,0
REGION1,LWHEHIBC1,2032,0
REGION1,LWHEHRBC1,2032,0
REGION1,LWHEIIBC1,2032,0
REGION1,LWHEIRBC1,2032,0
REGION1,LWHELRBC1,2032,0
REGION1,NGS,2032,0
REGION1,PUBWATBC1,2032,0.96
REGION1,PWRBIO,2032,0
REGION1,PWRGEO,2032,0
REGION1,PWRHYD,2032,0
REGION1,PWRNGS,2032,0
REGION1,PWRSOL,2032,0
REGION1,PWRURN,2032,0
REGION1,PWRWATBC1,2032,0
REGION1,PWRWND,2032,0
REGION1,RESBIO,2032,15.59
REGION1,RESELCB02,2032,0
REGION1,RESKER,2032,0.88
REGION1,RESNGS,2032,95.51
REGION1,SOL,2032,0
REGION1,TRABIO,2032,20.57
REGION1,TRADSL,2032,90.19
REGION1,TRAELCB02,2032,0
REGION1,TRAGSL,2032,123.86
REGION1,TRAHFO,2032,8.72
REGION1,TRAJFL,2032,42.11
REGION1,TRALPG,2032,3.2
REGION1,TRANGS,2032,7.6
REGION1,URN,2032,0
REGION1,WND,2032,0
REGION1,WTREVTBC1,2032,0
REGION1,WTRGRCBC1,2032,0
REGION1,WTRPRCBC1,2032,0
REGION1,WTRSURBC1,2032,0
REGION1,AGRDSL,2033,23.349
REGION1,AGRELCB02,2033,0
REGION1,AGRNGS,2033,0
REGION1,AGRWATBC1,2033,0
REGION1,BIO,2033,0
REGION1,COA,2033,0
REGION1,COMBIO,2033,0.71
REGION1,COMELCB02,2033,0
REGION1,COMKER,2033,12.87
REGION1,COMNGS,2033,94.98
REGION1,CRPALF,2033,1.455
REGION1,CRPBAR,2033,0.088
REGION1,CRPMAI,2033,0.681
REGION1,CRPOAT,2033,0.082
REGION1,CRPOTH,2033,0.358
REGION1,CRPPEA,2033,0.048
REGION1,CRPPTW,2033,0.00015
REGION1,CRPRAP,2033,0.103
REGION1,CRPRYE,2033,0.0023
REGION1,CRPWHE,2033,0.089
REGION1,CRU,2033,0
REGION1,DSL,2033,0
REGION1,ELCB01,2033,0
REGION1,ELCB02,2033,0
REGION1,GEO,2033,0
REGION1,GSL,2033,0
REGION1,HFO,2033,0
REGION1,HYD,2033,0
REGION1,INDBIO,2033,156.9
REGION1,INDDSL,2033,112.25
REGION1,INDELCB02,2033,0
REGION1,INDNGS,2033,345.33
REGION1,JFL,2033,0
REGION1,KER,2033,0
REGION1,LALFHIBC1,2033,0
REGION1,LALFHRBC1,2033,0
REGION1,LALFIIBC1,2033,0
REGION1,LALFIRBC1,2033,0
REGION1,LALFLRBC1,2033,0
REGION1,LBARBC1,2033,0
REGION1,LBC1,2033,0
REGION1,LBLTBC1,2033,0
REGION1,LBRLHIBC1,2033,0
REGION1,LBRLHRBC1,2033,0
REGION1,LBRLIIBC1,2033,0
REGION1,LBRLIRBC1,2033,0
REGION1,LBRLLRBC1,2033,0
REGION1,LFORBC1,2033,0
REGION1,LGRSBC1,2033,0
REGION1,LMAIHIBC1,2033,0
REGION1,LMAIHRBC1,2033,0
REGION1,LMAIIIBC1,2033,0
REGION1,LMAIIRBC1,2033,0
REGION1,LMAILRBC1,2033,0
REGION1,LND4PWR,2033,4.2528
REGION1,LOATHIBC1,2033,0
REGION1,LOATHRBC1,2033,0
REGION1,LOATIIBC1,2033,0
REGION1,LOATIRBC1,2033,0
REGION1,LOATLRBC1,2033,0
REGION1,LOTHBC1,2033,0
REGION1,LOTHHIBC1,2033,0
REGION1,LOTHHRBC1,2033,0
REGION1,LOTHIIBC1,2033,0
REGION1,LOTHIRBC1,2033,0
REGION1,LOTHLRBC1,2033,0
REGION1,LPEAHIBC1,2033,0
REGION1,LPEAHRBC1,2033,0
REGION1,LPEAIIBC1,2033,0
REGION1,LPEAIRBC1,2033,0
REGION1,LPEALRBC1,2033,0
REGION1,LPG,2033,0
REGION1,LPTWHIBC1,2033,0
REGION1,LPTWHRBC1,2033,0
REGION1,LPTWIIBC1,2033,0
REGION1,LPTWIRBC1,2033,0
REGION1,LPTWLRBC1,2033,0
REGION1,LRAPHIBC1,2033,0
REGION1,LRAPHRBC1,2033,0
REGION1,LRAPIIBC1,2033,0
REGION1,LRAPIRBC1,2033,0
REGION1,LRAPLRBC1,2033,0
REGION1,LRYEHIBC1,2033,0
REGION1,LRYEHRBC1,2033,0
REGION1,LRYEIIBC1,2033,0
REGION1,LRYEIRBC1,2033,0
REGION1,LRYELRBC1,2033,0
REGION1,LWATBC1,2033,0
REGION1,LWHEHIBC1,2033,0
REGION1,LWHEHRBC1,2033,0
REGION1,LWHEIIBC1,2033,0
REGION1,LWHEIRBC1,2033,0
REGION1,LWHELRBC1,2033,0
REGION1,NGS,2033,0
REGION1,PUBWATBC1,2033,0.98
REGION1,PWRBIO,2033,0
REGION1,PWRGEO,2033,0
REGION1,PWRHYD,2033,0
REGION1,PWRNGS,2033,0
REGION1,PWRSOL,2033,0
REGION1,PWRURN,2033,0
REGION1,PWRWATBC1,2033,0
REGION1,PWRWND,2033,0
REGION1,RESBIO,2033,15.7
REGION1,RESELCB02,2033,0
REGION1,RESKER,2033,0.88
REGION1,RESNGS,2033,96.01
REGION1,SOL,2033,0
REGION1,TRABIO,2033,20.34
REGION1,TRADSL,2033,89.62
REGION1,TRAELCB02,2033,0
REGION1,TRAGSL,2033,120.91
REGION1,TRAHFO,2033,8.6
REGION1,TRAJFL,2033,42.41
REGION1,TRALPG,2033,3.16
REGION1,TRANGS,2033,8.08
REGION1,URN,2033,0
REGION1,WND,2033,0
REGION1,WTREVTBC1,2033,0
REGION1,WTRGRCBC1,2033,0
REGION1,WTRPRCBC1,2033,0
REGION1,WTRSURBC1,2033,0
REGION1,AGRDSL,2034,24.015
REGION1,AGRELCB02,2034,0
REGION1,AGRNGS,2034,0
REGION1,AGRWATBC1,2034,0
REGION1,BIO,2034,0
REGION1,COA,2034,0
REGION1,COMBIO,2034,0.75
REGION1,COMELCB02,2034,0
REGION1,COMKER,2034,13.02
REGION1,COMNGS,2034,95.63
REGION1,CRPALF,2034,1.457
REGION1,CRPBAR,2034,0.09
REGION1,CRPMAI,2034,0.683
REGION1,CRPOAT,2034,0.083
REGION1,CRPOTH,2034,0.363
REGION1,CRPPEA,2034,0.05
REGION1,CRPPTW,2034,0.00015
REGION1,CRPRAP,2034,0.104
REGION1,CRPRYE,2034,0.0023
REGION1,CRPWHE,2034,0.089
REGION1,CRU,2034,0
REGION1,DSL,2034,0
REGION1,ELCB01,2034,0
REGION1,ELCB02,2034,0
REGION1,GEO,2034,0
REGION1,GSL,2034,0
REGION1,HFO,2034,0
REGION1,HYD,2034,0
REGION1,INDBIO,2034,155.39
REGION1,INDDSL,2034,112.31
REGION1,INDELCB02,2034,0
REGION1,INDNGS,2034,344.45
REGION1,JFL,2034,0
REGION1,KER,2034,0
REGION1,LALFHIBC1,2034,0
REGION1,LALFHRBC1,2034,0
REGION1,LALFIIBC1,2034,0
REGION1,LALFIRBC1,2034,0
REGION1,LALFLRBC1,2034,0
REGION1,LBARBC1,2034,0
REGION1,LBC1,2034,0
REGION1,LBLTBC1,2034,0
REGION1,LBRLHIBC1,2034,0
REGION1,LBRLHRBC1,2034,0
REGION1,LBRLIIBC1,2034,0
REGION1,LBRLIRBC1,2034,0
REGION1,LBRLLRBC1,2034,0
REGION1,LFORBC1,2034,0
REGION1,LGRSBC1,2034,0
REGION1,LMAIHIBC1,2034,0
REGION1,LMAIHRBC1,2034,0
REGION1,LMAIIIBC1,2034,0
REGION1,LMAIIRBC1,2034,0
REGION1,LMAILRBC1,2034,0
REGION1,LND4PWR,2034,4.2996
REGION1,LOATHIBC1,2034,0
REGION1,LOATHRBC1,2034,0
REGION1,LOATIIBC1,2034,0
REGION1,LOATIRBC1,2034,0
REGION1,LOATLRBC1,2034,0
REGION1,LOTHBC1,2034,0
REGION1,LOTHHIBC1,2034,0
REGION1,LOTHHRBC1,2034,0
REGION1,LOTHIIBC1,2034,0
REGION1,LOTHIRBC1,2034,0
REGION1,LOTHLRBC1,2034,0
REGION1,LPEAHIBC1,2034,0
REGION1,LPEAHRBC1,2034,0
REGION1,LPEAIIBC1,2034,0
REGION1,LPEAIRBC1,2034,0
REGION1,LPEALRBC1,2034,0
REGION1,LPG,2034,0
REGION1,LPTWHIBC1,2034,0
REGION1,LPTWHRBC1,2034,0
REGION1,LPTWIIBC1,2034,0
REGION1,LPTWIRBC1,2034,0
REGION1,LPTWLRBC1,2034,0
REGION1,LRAPHIBC1,2034,0
REGION1,LRAPHRBC1,2034,0
REGION1,LRAPIIBC1,2034,0
REGION1,LRAPIRBC1,2034,0
REGION1,LRAPLRBC1,2034,0
REGION1,LRYEHIBC1,2034,0
REGION1,LRYEHRBC1,2034,0
REGION1,LRYEIIBC1,2034,0
REGION1,LRYEIRBC1,2034,0
REGION1,LRYELRBC1,2034,0
REGION1,LWATBC1,2034,0
REGION1,LWHEHIBC1,2034,0
REGION1,LWHEHRBC1,2034,0
REGION1,LWHEIIBC1,2034,0
REGION1,LWHEIRBC1,2034,0
REGION1,LWHELRBC1,2034,0
REGION1,NGS,2034,0
REGION1,PUBWATBC1,2034,0.99
REGION1,PWRBIO,2034,0
REGION1,PWRGEO,2034,0
REGION1,PWRHYD,2034,0
REGION1,PWRNGS,2034,0
REGION1,PWRSOL,2034,0
REGION1,PWRURN,2034,0
REGION1,PWRWATBC1,2034,0
REGION1,PWRWND,2034,0
REGION1,RESBIO,2034,15.82
REGION1,RESELCB02,2034,0
REGION1,RESKER,2034,0.88
REGION1,RESNGS,2034,96.57
REGION1,SOL,2034,0
REGION1,TRABIO,2034,20.08
REGION1,TRADSL,2034,88.96
REGION1,TRAELCB02,2034,0
REGION1,TRAGSL,2034,117.76
REGION1,TRAHFO,2034,8.49
REGION1,TRAJFL,2034,42.69
REGION1,TRALPG,2034,3.11
REGION1,TRANGS,2034,8.57
REGION1,URN,2034,0
REGION1,WND,2034,0
REGION1,WTREVTBC1,2034,0
REGION1,WTRGRCBC1,2034,0
REGION1,WTRPRCBC1,2034,0
REGION1,WTRSURBC1,2034,0
REGION1,AGRDSL,2035,24.662
REGION1,AGRELCB02,2035,0
REGION1,AGRNGS,2035,0
REGION1,AGRWATBC1,2035,0
REGION1,BIO,2035,0
REGION1,COA,2035,0
REGION1,COMBIO,2035,0.79
REGION1,COMELCB02,2035,0
REGION1,COMKER,2035,13.16
REGION1,COMNGS,2035,96.34
REGION1,CRPALF,2035,1.459
REGION1,CRPBAR,2035,0.092
REGION1,CRPMAI,2035,0.691
REGION1,CRPOAT,2035,0.084
REGION1,CRPOTH,2035,0.368
REGION1,CRPPEA,2035,0.051
REGION1,CRPPTW,2035,0.00015
REGION1,CRPRAP,2035,0.106
REGION1,CRPRYE,2035,0.0023
REGION1,CRPWHE,2035,0.09
REGION1,CRU,2035,0
REGION1,DSL,2035,0
REGION1,ELCB01,2035,0
REGION1,ELCB02,2035,0
REGION1,GEO,2035,0
REGION1,GSL,2035,0
REGION1,HFO,2035,0
REGION1,HYD,2035,0
REGION1,INDBIO,2035,154.1
REGION1,INDDSL,2035,112.44
REGION1,INDELCB02,2035,0
REGION1,INDNGS,2035,344.61
REGION1,JFL,2035,0
REGION1,KER,2035,0
REGION1,LALFHIBC1,2035,0
REGION1,LALFHRBC1,2035,0
REGION1,LALFIIBC1,2035,0
REGION1,LALFIRBC1,2035,0
REGION1,LALFLRBC1,2035,0
REGION1,LBARBC1,2035,0
REGION1,LBC1,2035,0
REGION1,LBLTBC1,2035,0
REGION1,LBRLHIBC1,2035,0
REGION1,LBRLHRBC1,2035,0
REGION1,LBRLIIBC1,2035,0
REGION1,LBRLIRBC1,2035,0
REGION1,LBRLLRBC1,2035,0
REGION1,LFORBC1,2035,0
REGION1,LGRSBC1,2035,0
REGION1,LMAIHIBC1,2035,0
REGION1,LMAIHRBC1,2035,0
REGION1,LMAIIIBC1,2035,0
REGION1,LMAIIRBC1,2035,0
REGION1,LMAILRBC1,2035,0
REGION1,LND4PWR,2035,4.3469
REGION1,LOATHIBC1,2035,0
REGION1,LOATHRBC1,2035,0
REGION1,LOATIIBC1,2035,0
REGION1,LOATIRBC1,2035,0
REGION1,LOATLRBC1,2035,0
REGION1,LOTHBC1,2035,0
REGION1,LOTHHIBC1,2035,0
REGION1,LOTHHRBC1,2035,0
REGION1,LOTHIIBC1,2035,0
REGION1,LOTHIRBC1,2035,0
REGION1,LOTHLRBC1,2035,0
REGION1,LPEAHIBC1,2035,0
REGION1,LPEAHRBC1,2035,0
REGION1,LPEAIIBC1,2035,0
REGION1,LPEAIRBC1,2035,0
REGION1,LPEALRBC1,2035,0
REGION1,LPG,2035,0
REGION1,LPTWHIBC1,2035,0
REGION1,LPTWHRBC1,2035,0
REGION1,LPTWIIBC1,2035,0
REGION1,LPTWIRBC1,2035,0
REGION1,LPTWLRBC1,2035,0
REGION1,LRAPHIBC1,2035,0
REGION1,LRAPHRBC1,2035,0
REGION1,LRAPIIBC1,2035,0
REGION1,LRAPIRBC1,2035,0
REGION1,LRAPLRBC1,2035,0
REGION1,LRYEHIBC1,2035,0
REGION1,LRYEHRBC1,2035,0
REGION1,LRYEIIBC1,2035,0
REGION1,LRYEIRBC1,2035,0
REGION1,LRYELRBC1,2035,0
REGION1,LWATBC1,2035,0
REGION1,LWHEHIBC1,2035,0
REGION1,LWHEHRBC1,2035,0
REGION1,LWHEIIBC1,2035,0
REGION1,LWHEIRBC1,2035,0
REGION1,LWHELRBC1,2035,0
REGION1,NGS,2035,0
REGION1,PUBWATBC1,2035,1
REGION1,PWRBIO,2035,0
REGION1,PWRGEO,2035,0
REGION1,PWRHYD,2035,0
REGION1,PWRNGS,2035,0
REGION1,PWRSOL,2035,0
REGION1,PWRURN,2035,0
REGION1,PWRWATBC1,2035,0
REGION1,PWRWND,2035,0
REGION1,RESBIO,2035,15.91
REGION1,RESELCB02,2035,0
REGION1,RESKER,2035,0.88
REGION1,RESNGS,2035,96.96
REGION1,SOL,2035,0
REGION1,TRABIO,2035,19.81
REGION1,TRADSL,2035,88.29
REGION1,TRAELCB02,2035,0
REGION1,TRAGSL,2035,114.46
REGION1,TRAHFO,2035,8.38
REGION1,TRAJFL,2035,42.96
REGION1,TRALPG,2035,3.03
REGION1,TRANGS,2035,9.08
REGION1,URN,2035,0
REGION1,WND,2035,0
REGION1,WTREVTBC1,2035,0
REGION1,WTRGRCBC1,2035,0
REGION1,WTRPRCBC1,2035,0
REGION1,WTRSURBC1,2035,0
REGION1,AGRDSL,2036,25.313
REGION1,AGRELCB02,2036,0
REGION1,AGRNGS,2036,0
REGION1,AGRWATBC1,2036,0
REGION1,BIO,2036,0
REGION1,COA,2036,0
REGION1,COMBIO,2036,0.83
REGION1,COMELCB02,2036,0
REGION1,COMKER,2036,13.29
REGION1,COMNGS,2036,96.95
REGION1,CRPALF,2036,1.46
REGION1,CRPBAR,2036,0.094
REGION1,CRPMAI,2036,0.708
REGION1,CRPOAT,2036,0.086
REGION1,CRPOTH,2036,0.374
REGION1,CRPPEA,2036,0.052
REGION1,CRPPTW,2036,0.00015
REGION1,CRPRAP,2036,0.108
REGION1,CRPRYE,2036,0.0023
REGION1,CRPWHE,2036,0.091
REGION1,CRU,2036,0
REGION1,DSL,2036,0
REGION1,ELCB01,2036,0
REGION1,ELCB02,2036,0
REGION1,GEO,2036,0
REGION1,GSL,2036,0
REGION1,HFO,2036,0
REGION1,HYD,2036,0
REGION1,INDBIO,2036,152.78
REGION1,INDDSL,2036,112.66
REGION1,INDELCB02,2036,0
REGION1,INDNGS,2036,344.59
REGION1,JFL,2036,0
REGION1,KER,2036,0
REGION1,LALFHIBC1,2036,0
REGION1,LALFHRBC1,2036,0
REGION1,LALFIIBC1,2036,0
REGION1,LALFIRBC1,2036,0
REGION1,LALFLRBC1,2036,0
REGION1,LBARBC1,2036,0
REGION1,LBC1,2036,0
REGION1,LBLTBC1,2036,0
REGION1,LBRLHIBC1,2036,0
REGION1,LBRLHRBC1,2036,0
REGION1,LBRLIIBC1,2036,0
REGION1,LBRLIRBC1,2036,0
REGION1,LBRLLRBC1,2036,0
REGION1,LFORBC1,2036,0
REGION1,LGRSBC1,2036,0
REGION1,LMAIHIBC1,2036,0
REGION1,LMAIHRBC1,2036,0
REGION1,LMAIIIBC1,2036,0
REGION1,LMAIIRBC1,2036,0
REGION1,LMAILRBC1,2036,0
REGION1,LND4PWR,2036,4.3947
REGION1,LOATHIBC1,2036,0
REGION1,LOATHRBC1,2036,0
REGION1,LOATIIBC1,2036,0
REGION1,LOATIRBC1,2036,0
REGION1,LOATLRBC1,2036,0
REGION1,LOTHBC1,2036,0
REGION1,LOTHHIBC1,2036,0
REGION1,LOTHHRBC1,2036,0
REGION1,LOTHIIBC1,2036,0
REGION1,LOTHIRBC1,2036,0
REGION1,LOTHLRBC1,2036,0
REGION1,LPEAHIBC1,2036,0
REGION1,LPEAHRBC1,2036,0
REGION1,LPEAIIBC1,2036,0
REGION1,LPEAIRBC1,2036,0
REGION1,LPEALRBC1,2036,0
REGION1,LPG,2036,0
REGION1,LPTWHIBC1,2036,0
REGION1,LPTWHRBC1,2036,0
REGION1,LPTWIIBC1,2036,0
REGION1,LPTWIRBC1,2036,0
REGION1,LPTWLRBC1,2036,0
REGION1,LRAPHIBC1,2036,0
REGION1,LRAPHRBC1,2036,0
REGION1,LRAPIIBC1,2036,0
REGION1,LRAPIRBC1,2036,0
REGION1,LRAPLRBC1,2036,0
REGION1,LRYEHIBC1,2036,0
REGION1,LRYEHRBC1,2036,0
REGION1,LRYEIIBC1,2036,0
REGION1,LRYEIRBC1,2036,0
REGION1,LRYELRBC1,2036,0
REGION1,LWATBC1,2036,0
REGION1,LWHEHIBC1,2036,0
REGION1,LWHEHRBC1,2036,0
REGION1,LWHEIIBC1,2036,0
REGION1,LWHEIRBC1,2036,0
REGION1,LWHELRBC1,2036,0
REGION1,NGS,2036,0
REGION1,PUBWATBC1,2036,1.01
REGION1,PWRBIO,2036,0
REGION1,PWRGEO,2036,0
REGION1,PWRHYD,2036,0
REGION1,PWRNGS,2036,0
REGION1,PWRSOL,2036,0
REGION1,PWRURN,2036,0
REGION1,PWRWATBC1,2036,0
REGION1,PWRWND,2036,0
REGION1,RESBIO,2036,15.96
REGION1,RESELCB02,2036,0
REGION1,RESKER,2036,0.88
REGION1,RESNGS,2036,97.2
REGION1,SOL,2036,0
REGION1,TRABIO,2036,19.53
REGION1,TRADSL,2036,87.06
REGION1,TRAELCB02,2036,0
REGION1,TRAGSL,2036,111.02
REGION1,TRAHFO,2036,8.29
REGION1,TRAJFL,2036,43.23
REGION1,TRALPG,2036,2.93
REGION1,TRANGS,2036,10.15
REGION1,URN,2036,0
REGION1,WND,2036,0
REGION1,WTREVTBC1,2036,0
REGION1,WTRGRCBC1,2036,0
REGION1,WTRPRCBC1,2036,0
REGION1,WTRSURBC1,2036,0
REGION1,AGRDSL,2037,25.966
REGION1,AGRELCB02,2037,0
REGION1,AGRNGS,2037,0
REGION1,AGRWATBC1,2037,0
REGION1,BIO,2037,0
REGION1,COA,2037,0
REGION1,COMBIO,2037,0.86
REGION1,COMELCB02,2037,0
REGION1,COMKER,2037,13.4
REGION1,COMNGS,2037,97.44
REGION1,CRPALF,2037,1.462
REGION1,CRPBAR,2037,0.096
REGION1,CRPMAI,2037,0.721
REGION1,CRPOAT,2037,0.087
REGION1,CRPOTH,2037,0.379
REGION1,CRPPEA,2037,0.054
REGION1,CRPPTW,2037,0.00016
REGION1,CRPRAP,2037,0.109
REGION1,CRPRYE,2037,0.0023
REGION1,CRPWHE,2037,0.092
REGION1,CRU,2037,0
REGION1,DSL,2037,0
REGION1,ELCB01,2037,0
REGION1,ELCB02,2037,0
REGION1,GEO,2037,0
REGION1,GSL,2037,0
REGION1,HFO,2037,0
REGION1,HYD,2037,0
REGION1,INDBIO,2037,151.47
REGION1,INDDSL,2037,113.02
REGION1,INDELCB02,2037,0
REGION1,INDNGS,2037,344.24
REGION1,JFL,2037,0
REGION1,KER,2037,0
REGION1,LALFHIBC1,2037,0
REGION1,LALFHRBC1,2037,0
REGION1,LALFIIBC1,2037,0
REGION1,LALFIRBC1,2037,0
REGION1,LALFLRBC1,2037,0
REGION1,LBARBC1,2037,0
REGION1,LBC1,2037,0
REGION1,LBLTBC1,2037,0
REGION1,LBRLHIBC1,2037,0
REGION1,LBRLHRBC1,2037,0
REGION1,LBRLIIBC1,2037,0
REGION1,LBRLIRBC1,2037,0
REGION1,LBRLLRBC1,2037,0
REGION1,LFORBC1,2037,0
REGION1,LGRSBC1,2037,0
REGION1,LMAIHIBC1,2037,0
REGION1,LMAIHRBC1,2037,0
REGION1,LMAIIIBC1,2037,0
REGION1,LMAIIRBC1,2037,0
REGION1,LMAILRBC1,2037,0
REGION1,LND4PWR,2037,4.443
REGION1,LOATHIBC1,2037,0
REGION1,LOATHRBC1,2037,0
REGION1,LOATIIBC1,2037,0
REGION1,LOATIRBC1,2037,0
REGION1,LOATLRBC1,2037,0
REGION1,LOTHBC1,2037,0
REGION1,LOTHHIBC1,2037,0
REGION1,LOTHHRBC1,2037,0
REGION1,LOTHIIBC1,2037,0
REGION1,LOTHIRBC1,2037,0
REGION1,LOTHLRBC1,2037,0
REGION1,LPEAHIBC1,2037,0
REGION1,LPEAHRBC1,2037,0
REGION1,LPEAIIBC1,2037,0
REGION1,LPEAIRBC1,2037,0
REGION1,LPEALRBC1,2037,0
REGION1,LPG,2037,0
REGION1,LPTWHIBC1,2037,0
REGION1,LPTWHRBC1,2037,0
REGION1,LPTWIIBC1,2037,0
REGION1,LPTWIRBC1,2037,0
REGION1,LPTWLRBC1,2037,0
REGION1,LRAPHIBC1,2037,0
REGION1,LRAPHRBC1,2037,0
REGION1,LRAPIIBC1,2037,0
REGION1,LRAPIRBC1,2037,0
REGION1,LRAPLRBC1,2037,0
REGION1,LRYEHIBC1,2037,0
REGION1,LRYEHRBC1,2037,0
REGION1,LRYEIIBC1,2037,0
REGION1,LRYEIRBC1,2037,0
REGION1,LRYELRBC1,2037,0
REGION1,LWATBC1,2037,0
REGION1,LWHEHIBC1,2037,0
REGION1,LWHEHRBC1,2037,0
REGION1,LWHEIIBC1,2037,0
REGION1,LWHEIRBC1,2037,0
REGION1,LWHELRBC1,2037,0
REGION1,NGS,2037,0
REGION1,PUBWATBC1,2037,1.02
REGION1,PWRBIO,2037,0
REGION1,PWRGEO,2037,0
REGION1,PWRHYD,2037,0
REGION1,PWRNGS,2037,0
REGION1,PWRSOL,2037,0
REGION1,PWRURN,2037,0
REGION1,PWRWATBC1,2037,0
REGION1,PWRWND,2037,0
REGION1,RESBIO,2037,15.99
REGION1,RESELCB02,2037,0
REGION1,RESKER,2037,0.87
REGION1,RESNGS,2037,97.34
REGION1,SOL,2037,0
REGION1,TRABIO,2037,19.25
REGION1,TRADSL,2037,86.44
REGION1,TRAELCB02,2037,0
REGION1,TRAGSL,2037,107.49
REGION1,TRAHFO,2037,8.2
REGION1,TRAJFL,2037,43.52
REGION1,TRALPG,2037,2.81
REGION1,TRANGS,2037,10.73
REGION1,URN,2037,0
REGION1,WND,2037,0
REGION1,WTREVTBC1,2037,0
REGION1,WTRGRCBC1,2037,0
REGION1,WTRPRCBC1,2037,0
REGION1,WTRSURBC1,2037,0
REGION1,AGRDSL,2038,26.621
REGION1,AGRELCB02,2038,0
REGION1,AGRNGS,2038,0
REGION1,AGRWATBC1,2038,0
REGION1,BIO,2038,0
REGION1,COA,2038,0
REGION1,COMBIO,2038,0.9
REGION1,COMELCB02,2038,0
REGION1,COMKER,2038,13.51
REGION1,COMNGS,2038,97.93
REGION1,CRPALF,2038,1.464
REGION1,CRPBAR,2038,0.098
REGION1,CRPMAI,2038,0.729
REGION1,CRPOAT,2038,0.088
REGION1,CRPOTH,2038,0.383
REGION1,CRPPEA,2038,0.055
REGION1,CRPPTW,2038,0.00016
REGION1,CRPRAP,2038,0.111
REGION1,CRPRYE,2038,0.0023
REGION1,CRPWHE,2038,0.093
REGION1,CRU,2038,0
REGION1,DSL,2038,0
REGION1,ELCB01,2038,0
REGION1,ELCB02,2038,0
REGION1,GEO,2038,0
REGION1,GSL,2038,0
REGION1,HFO,2038,0
REGION1,HYD,2038,0
REGION1,INDBIO,2038,150.21
REGION1,INDDSL,2038,113.53
REGION1,INDELCB02,2038,0
REGION1,INDNGS,2038,344.23
REGION1,JFL,2038,0
REGION1,KER,2038,0
REGION1,LALFHIBC1,2038,0
REGION1,LALFHRBC1,2038,0
REGION1,LALFIIBC1,2038,0
REGION1,LALFIRBC1,2038,0
REGION1,LALFLRBC1,2038,0
REGION1,LBARBC1,2038,0
REGION1,LBC1,2038,0
REGION1,LBLTBC1,2038,0
REGION1,LBRLHIBC1,2038,0
REGION1,LBRLHRBC1,2038,0
REGION1,LBRLIIBC1,2038,0
REGION1,LBRLIRBC1,2038,0
REGION1,LBRLLRBC1,2038,0
REGION1,LFORBC1,2038,0
REGION1,LGRSBC1,2038,0
REGION1,LMAIHIBC1,2038,0
REGION1,LMAIHRBC1,2038,0
REGION1,LMAIIIBC1,2038,0
REGION1,LMAIIRBC1,2038,0
REGION1,LMAILRBC1,2038,0
REGION1,LND4PWR,2038,4.4919
REGION1,LOATHIBC1,2038,0
REGION1,LOATHRBC1,2038,0
REGION1,LOATIIBC1,2038,0
REGION1,LOATIRBC1,2038,0
REGION1,LOATLRBC1,2038,0
REGION1,LOTHBC1,2038,0
REGION1,LOTHHIBC1,2038,0
REGION1,LOTHHRBC1,2038,0
REGION1,LOTHIIBC1,2038,0
REGION1,LOTHIRBC1,2038,0
REGION1,LOTHLRBC1,2038,0
REGION1,LPEAHIBC1,2038,0
REGION1,LPEAHRBC1,2038,0
REGION1,LPEAIIBC1,2038,0
REGION1,LPEAIRBC1,2038,0
REGION1,LPEALRBC1,2038,0
REGION1,LPG,2038,0
REGION1,LPTWHIBC1,2038,0
REGION1,LPTWHRBC1,2038,0
REGION1,LPTWIIBC1,2038,0
REGION1,LPTWIRBC1,2038,0
REGION1,LPTWLRBC1,2038,0
REGION1,LRAPHIBC1,2038,0
REGION1,LRAPHRBC1,2038,0
REGION1,LRAPIIBC1,2038,0
REGION1,LRAPIRBC1,2038,0
REGION1,LRAPLRBC1,2038,0
REGION1,LRYEHIBC1,2038,0
REGION1,LRYEHRBC1,2038,0
REGION1,LRYEIIBC1,2038,0
REGION1,LRYEIRBC1,2038,0
REGION1,LRYELRBC1,2038,0
REGION1,LWATBC1,2038,0
REGION1,LWHEHIBC1,2038,0
REGION1,LWHEHRBC1,2038,0
REGION1,LWHEIIBC1,2038,0
REGION1,LWHEIRBC1,2038,0
REGION1,LWHELRBC1,2038,0
REGION1,NGS,2038,0
REGION1,PUBWATBC1,2038,1.03
REGION1,PWRBIO,2038,0
REGION1,PWRGEO,2038,0
REGION1,PWRHYD,2038,0
REGION1,PWRNGS,2038,0
REGION1,PWRSOL,2038,0
REGION1,PWRURN,2038,0
REGION1,PWRWATBC1,2038,0
REGION1,PWRWND,2038,0
REGION1,RESBIO,2038,16
REGION1,RESELCB02,2038,0
REGION1,RESKER,2038,0.87
REGION1,RESNGS,2038,97.35
REGION1,SOL,2038,0
REGION1,TRABIO,2038,18.97
REGION1,TRADSL,2038,85.86
REGION1,TRAELCB02,2038,0
REGION1,TRAGSL,2038,103.88
REGION1,TRAHFO,2038,8.12
REGION1,TRAJFL,2038,43.82
REGION1,TRALPG,2038,2.68
REGION1,TRANGS,2038,11.35
REGION1,URN,2038,0
REGION1,WND,2038,0
REGION1,WTREVTBC1,2038,0
REGION1,WTRGRCBC1,2038,0
REGION1,WTRPRCBC1,2038,0
REGION1,WTRSURBC1,2038,0
REGION1,AGRDSL,2039,27.27
REGION1,AGRELCB02,2039,0
REGION1,AGRNGS,2039,0
REGION1,AGRWATBC1,2039,0
REGION1,BIO,2039,0
REGION1,COA,2039,0
REGION1,COMBIO,2039,0.93
REGION1,COMELCB02,2039,0
REGION1,COMKER,2039,13.6
REGION1,COMNGS,2039,98.42
REGION1,CRPALF,2039,1.465
REGION1,CRPBAR,2039,0.101
REGION1,CRPMAI,2039,0.73
REGION1,CRPOAT,2039,0.09
REGION1,CRPOTH,2039,0.388
REGION1,CRPPEA,2039,0.057
REGION1,CRPPTW,2039,0.00016
REGION1,CRPRAP,2039,0.112
REGION1,CRPRYE,2039,0.0022
REGION1,CRPWHE,2039,0.094
REGION1,CRU,2039,0
REGION1,DSL,2039,0
REGION1,ELCB01,2039,0
REGION1,ELCB02,2039,0
REGION1,GEO,2039,0
REGION1,GSL,2039,0
REGION1,HFO,2039,0
REGION1,HYD,2039,0
REGION1,INDBIO,2039,149.02
REGION1,INDDSL,2039,114.19
REGION1,INDELCB02,2039,0
REGION1,INDNGS,2039,344.49
REGION1,JFL,2039,0
REGION1,KER,2039,0
REGION1,LALFHIBC1,2039,0
REGION1,LALFHRBC1,2039,0
REGION1,LALFIIBC1,2039,0
REGION1,LALFIRBC1,2039,0
REGION1,LALFLRBC1,2039,0
REGION1,LBARBC1,2039,0
REGION1,LBC1,2039,0
REGION1,LBLTBC1,2039,0
REGION1,LBRLHIBC1,2039,0
REGION1,LBRLHRBC1,2039,0
REGION1,LBRLIIBC1,2039,0
REGION1,LBRLIRBC1,2039,0
REGION1,LBRLLRBC1,2039,0
REGION1,LFORBC1,2039,0
REGION1,LGRSBC1,2039,0
REGION1,LMAIHIBC1,2039,0
REGION1,LMAIHRBC1,2039,0
REGION1,LMAIIIBC1,2039,0
REGION1,LMAIIRBC1,2039,0
REGION1,LMAILRBC1,2039,0
REGION1,LND4PWR,2039,4.5413
REGION1,LOATHIBC1,2039,0
REGION1,LOATHRBC1,2039,0
REGION1,LOATIIBC1,2039,0
REGION1,LOATIRBC1,2039,0
REGION1,LOATLRBC1,2039,0
REGION1,LOTHBC1,2039,0
REGION1,LOTHHIBC1,2039,0
REGION1,LOTHHRBC1,2039,0
REGION1,LOTHIIBC1,2039,0
REGION1,LOTHIRBC1,2039,0
REGION1,LOTHLRBC1,2039,0
REGION1,LPEAHIBC1,2039,0
REGION1,LPEAHRBC1,2039,0
REGION1,LPEAIIBC1,2039,0
REGION1,LPEAIRBC1,2039,0
REGION1,LPEALRBC1,2039,0
REGION1,LPG,2039,0
REGION1,LPTWHIBC1,2039,0
REGION1,LPTWHRBC1,2039,0
REGION1,LPTWIIBC1,2039,0
REGION1,LPTWIRBC1,2039,0
REGION1,LPTWLRBC1,2039,0
REGION1,LRAPHIBC1,2039,0
REGION1,LRAPHRBC1,2039,0
REGION1,LRAPIIBC1,2039,0
REGION1,LRAPIRBC1,2039,0
REGION1,LRAPLRBC1,2039,0
REGION1,LRYEHIBC1,2039,0
REGION1,LRYEHRBC1,2039,0
REGION1,LRYEIIBC1,2039,0
REGION1,LRYEIRBC1,2039,0
REGION1,LRYELRBC1,2039,0
REGION1,LWATBC1,2039,0
REGION1,LWHEHIBC1,2039,0
REGION1,LWHEHRBC1,2039,0
REGION1,LWHEIIBC1,2039,0
REGION1,LWHEIRBC1,2039,0
REGION1,LWHELRBC1,2039,0
REGION1,NGS,2039,0
REGION1,PUBWATBC1,2039,1.04
REGION1,PWRBIO,2039,0
REGION1,PWRGEO,2039,0
REGION1,PWRHYD,2039,0
REGION1,PWRNGS,2039,0
REGION1,PWRSOL,2039,0
REGION1,PWRURN,2039,0
REGION1,PWRWATBC1,2039,0
REGION1,PWRWND,2039,0
REGION1,RESBIO,2039,15.98
REGION1,RESELCB02,2039,0
REGION1,RESKER,2039,0.87
REGION1,RESNGS,2039,97.29
REGION1,SOL,2039,0
REGION1,TRABIO,2039,18.7
REGION1,TRADSL,2039,85.32
REGION1,TRAELCB02,2039,0
REGION1,TRAGSL,2039,100.22
REGION1,TRAHFO,2039,8.06
REGION1,TRAJFL,2039,44.15
REGION1,TRALPG,2039,2.52
REGION1,TRANGS,2039,12.04
REGION1,URN,2039,0
REGION1,WND,2039,0
REGION1,WTREVTBC1,2039,0
REGION1,WTRGRCBC1,2039,0
REGION1,WTRPRCBC1,2039,0
REGION1,WTRSURBC1,2039,0
REGION1,AGRDSL,2040,27.924
REGION1,AGRELCB02,2040,0
REGION1,AGRNGS,2040,0
REGION1,AGRWATBC1,2040,0
REGION1,BIO,2040,0
REGION1,COA,2040,0
REGION1,COMBIO,2040,0.97
REGION1,COMELCB02,2040,0
REGION1,COMKER,2040,13.7
REGION1,COMNGS,2040,98.92
REGION1,CRPALF,2040,1.467
REGION1,CRPBAR,2040,0.103
REGION1,CRPMAI,2040,0.734
REGION1,CRPOAT,2040,0.091
REGION1,CRPOTH,2040,0.392
REGION1,CRPPEA,2040,0.058
REGION1,CRPPTW,2040,0.00017
REGION1,CRPRAP,2040,0.114
REGION1,CRPRYE,2040,0.0022
REGION1,CRPWHE,2040,0.095
REGION1,CRU,2040,0
REGION1,DSL,2040,0
REGION1,ELCB01,2040,0
REGION1,ELCB02,2040,0
REGION1,GEO,2040,0
REGION1,GSL,2040,0
REGION1,HFO,2040,0
REGION1,HYD,2040,0
REGION1,INDBIO,2040,147.87
REGION1,INDDSL,2040,114.97
REGION1,INDELCB02,2040,0
REGION1,INDNGS,2040,344.82
REGION1,JFL,2040,0
REGION1,KER,2040,0
REGION1,LALFHIBC1,2040,0
REGION1,LALFHRBC1,2040,0
REGION1,LALFIIBC1,2040,0
REGION1,LALFIRBC1,2040,0
REGION1,LALFLRBC1,2040,0
REGION1,LBARBC1,2040,0
REGION1,LBC1,2040,0
REGION1,LBLTBC1,2040,0
REGION1,LBRLHIBC1,2040,0
REGION1,LBRLHRBC1,2040,0
REGION1,LBRLIIBC1,2040,0
REGION1,LBRLIRBC1,2040,0
REGION1,LBRLLRBC1,2040,0
REGION1,LFORBC1,2040,0
REGION1,LGRSBC1,2040,0
REGION1,LMAIHIBC1,2040,0
REGION1,LMAIHRBC1,2040,0
REGION1,LMAIIIBC1,2040,0
REGION1,LMAIIRBC1,2040,0
REGION1,LMAILRBC1,2040,0
REGION1,LND4PWR,2040,4.5913
REGION1,LOATHIBC1,2040,0
REGION1,LOATHRBC1,2040,0
REGION1,LOATIIBC1,2040,0
REGION1,LOATIRBC1,2040,0
REGION1,LOATLRBC1,2040,0
REGION1,LOTHBC1,2040,0
REGION1,LOTHHIBC1,2040,0
REGION1,LOTHHRBC1,2040,0
REGION1,LOTHIIBC1,2040,0
REGION1,LOTHIRBC1,2040,0
REGION1,LOTHLRBC1,2040,0
REGION1,LPEAHIBC1,2040,0
REGION1,LPEAHRBC1,2040,0
REGION1,LPEAIIBC1,2040,0
REGION1,LPEAIRBC1,2040,0
REGION1,LPEALRBC1,2040,0
REGION1,LPG,2040,0
REGION1,LPTWHIBC1,2040,0
REGION1,LPTWHRBC1,2040,0
REGION1,LPTWIIBC1,2040,0
REGION1,LPTWIRBC1,2040,0
REGION1,LPTWLRBC1,2040,0
REGION1,LRAPHIBC1,2040,0
REGION1,LRAPHRBC1,2040,0
REGION1,LRAPIIBC1,2040,0
REGION1,LRAPIRBC1,2040,0
REGION1,LRAPLRBC1,2040,0
REGION1,LRYEHIBC1,2040,0
REGION1,LRYEHRBC1,2040,0
REGION1,LRYEIIBC1,2040,0
REGION1,LRYEIRBC1,2040,0
REGION1,LRYELRBC1,2040,0
REGION1,LWATBC1,2040,0
REGION1,LWHEHIBC1,2040,0
REGION1,LWHEHRBC1,2040,0
REGION1,LWHEIIBC1,2040,0
REGION1,LWHEIRBC1,2040,0
REGION1,LWHELRBC1,2040,0
REGION1,NGS,2040,0
REGION1,PUBWATBC1,2040,1.05
REGION1,PWRBIO,2040,0
REGION1,PWRGEO,2040,0
REGION1,PWRHYD,2040,0
REGION1,PWRNGS,2040,0
REGION1,PWRSOL,2040,0
REGION1,PWRURN,2040,0
REGION1,PWRWATBC1,2040,0
REGION1,PWRWND,2040,0
REGION1,RESBIO,2040,15.96
REGION1,RESELCB02,2040,0
REGION1,RESKER,2040,0.86
REGION1,RESNGS,2040,97.17
REGION1,SOL,2040,0
REGION1,TRABIO,2040,18.44
REGION1,TRADSL,2040,84.86
REGION1,TRAELCB02,2040,0
REGION1,TRAGSL,2040,96.6
REGION1,TRAHFO,2040,8.01
REGION1,TRAJFL,2040,44.49
REGION1,TRALPG,2040,2.35
REGION1,TRANGS,2040,12.79
REGION1,URN,2040,0
REGION1,WND,2040,0
REGION1,WTREVTBC1,2040,0
REGION1,WTRGRCBC1,2040,0
REGION1,WTRPRCBC1,2040,0
REGION1,WTRSURBC1,2040,0
REGION1,AGRDSL,2041,28.576
REGION1,AGRELCB02,2041,0
REGION1,AGRNGS,2041,0
REGION1,AGRWATBC1,2041,0
REGION1,BIO,2041,0
REGION1,COA,2041,0
REGION1,COMBIO,2041,0.915
REGION1,COMELCB02,2041,0
REGION1,COMKER,2041,14.196
REGION1,COMNGS,2041,102.236
REGION1,CRPALF,2041,1.469
REGION1,CRPBAR,2041,0.105
REGION1,CRPMAI,2041,0.744
REGION1,CRPOAT,2041,0.092
REGION1,CRPOTH,2041,0.397
REGION1,CRPPEA,2041,0.059
REGION1,CRPPTW,2041,0.00017
REGION1,CRPRAP,2041,0.116
REGION1,CRPRYE,2041,0.0022
REGION1,CRPWHE,2041,0.096
REGION1,CRU,2041,0
REGION1,DSL,2041,0
REGION1,ELCB01,2041,0
REGION1,ELCB02,2041,0
REGION1,GEO,2041,0
REGION1,GSL,2041,0
REGION1,HFO,2041,0
REGION1,HYD,2041,0
REGION1,INDBIO,2041,147.372
REGION1,INDDSL,2041,114.606
REGION1,INDELCB02,2041,0
REGION1,INDNGS,2041,368.255
REGION1,JFL,2041,0
REGION1,KER,2041,0
REGION1,LALFHIBC1,2041,0
REGION1,LALFHRBC1,2041,0
REGION1,LALFIIBC1,2041,0
REGION1,LALFIRBC1,2041,0
REGION1,LALFLRBC1,2041,0
REGION1,LBARBC1,2041,0
REGION1,LBC1,2041,0
REGION1,LBLTBC1,2041,0
REGION1,LBRLHIBC1,2041,0
REGION1,LBRLHRBC1,2041,0
REGION1,LBRLIIBC1,2041,0
REGION1,LBRLIRBC1,2041,0
REGION1,LBRLLRBC1,2041,0
REGION1,LFORBC1,2041,0
REGION1,LGRSBC1,2041,0
REGION1,LMAIHIBC1,2041,0
REGION1,LMAIHRBC1,2041,0
REGION1,LMAIIIBC1,2041,0
REGION1,LMAIIRBC1,2041,0
REGION1,LMAILRBC1,2041,0
REGION1,LND4PWR,2041,4.6418
REGION1,LOATHIBC1,2041,0
REGION1,LOATHRBC1,2041,0
REGION1,LOATIIBC1,2041,0
REGION1,LOATIRBC1,2041,0
REGION1,LOATLRBC1,2041,0
REGION1,LOTHBC1,2041,0
REGION1,LOTHHIBC1,2041,0
REGION1,LOTHHRBC1,2041,0
REGION1,LOTHIIBC1,2041,0
REGION1,LOTHIRBC1,2041,0
REGION1,LOTHLRBC1,2041,0
REGION1,LPEAHIBC1,2041,0
REGION1,LPEAHRBC1,2041,0
REGION1,LPEAIIBC1,2041,0
REGION1,LPEAIRBC1,2041,0
REGION1,LPEALRBC1,2041,0
REGION1,LPG,2041,0
REGION1,LPTWHIBC1,2041,0
REGION1,LPTWHRBC1,2041,0
REGION1,LPTWIIBC1,2041,0
REGION1,LPTWIRBC1,2041,0
REGION1,LPTWLRBC1,2041,0
REGION1,LRAPHIBC1,2041,0
REGION1,LRAPHRBC1,2041,0
REGION1,LRAPIIBC1,2041,0
REGION1,LRAPIRBC1,2041,0
REGION1,LRAPLRBC1,2041,0
REGION1,LRYEHIBC1,2041,0
REGION1,LRYEHRBC1,2041,0
REGION1,LRYEIIBC1,2041,0
REGION1,LRYEIRBC1,2041,0
REGION1,LRYELRBC1,2041,0
REGION1,LWATBC1,2041,0
REGION1,LWHEHIBC1,2041,0
REGION1,LWHEHRBC1,2041,0
REGION1,LWHEIIBC1,2041,0
REGION1,LWHEIRBC1,2041,0
REGION1,LWHELRBC1,2041,0
REGION1,NGS,2041,0
REGION1,PUBWATBC1,2041,1.06
REGION1,PWRBIO,2041,0
REGION1,PWRGEO,2041,0
REGION1,PWRHYD,2041,0
REGION1,PWRNGS,2041,0
REGION1,PWRSOL,2041,0
REGION1,PWRURN,2041,0
REGION1,PWRWATBC1,2041,0
REGION1,PWRWND,2041,0
REGION1,RESBIO,2041,15.906
REGION1,RESELCB02,2041,0
REGION1,RESKER,2041,0
REGION1,RESNGS,2041,99.505
REGION1,SOL,2041,0
REGION1,TRABIO,2041,18.334
REGION1,TRADSL,2041,84.184
REGION1,TRAELCB02,2041,0
REGION1,TRAGSL,2041,95.561
REGION1,TRAHFO,2041,7.799
REGION1,TRAJFL,2041,44.896
REGION1,TRALPG,2041,2.603
REGION1,TRANGS,2041,13.207
REGION1,URN,2041,0
REGION1,WND,2041,0
REGION1,WTREVTBC1,2041,0
REGION1,WTRGRCBC1,2041,0
REGION1,WTRPRCBC1,2041,0
REGION1,WTRSURBC1,2041,0
REGION1,AGRDSL,2042,29.228
REGION1,AGRELCB02,2042,0
REGION1,AGRNGS,2042,0
REGION1,AGRWATBC1,2042,0
REGION1,BIO,2042,0
REGION1,COA,2042,0
REGION1,COMBIO,2042,0.947
REGION1,COMELCB02,2042,0
REGION1,COMKER,2042,14.384
REGION1,COMNGS,2042,103.262
REGION1,CRPALF,2042,1.471
REGION1,CRPBAR,2042,0.107
REGION1,CRPMAI,2042,0.753
REGION1,CRPOAT,2042,0.093
REGION1,CRPOTH,2042,0.401
REGION1,CRPPEA,2042,0.061
REGION1,CRPPTW,2042,0.00017
REGION1,CRPRAP,2042,0.117
REGION1,CRPRYE,2042,0.0022
REGION1,CRPWHE,2042,0.097
REGION1,CRU,2042,0
REGION1,DSL,2042,0
REGION1,ELCB01,2042,0
REGION1,ELCB02,2042,0
REGION1,GEO,2042,0
REGION1,GSL,2042,0
REGION1,HFO,2042,0
REGION1,HYD,2042,0
REGION1,INDBIO,2042,146.277
REGION1,INDDSL,2042,114.905
REGION1,INDELCB02,2042,0
REGION1,INDNGS,2042,373.721
REGION1,JFL,2042,0
REGION1,KER,2042,0
REGION1,LALFHIBC1,2042,0
REGION1,LALFHRBC1,2042,0
REGION1,LALFIIBC1,2042,0
REGION1,LALFIRBC1,2042,0
REGION1,LALFLRBC1,2042,0
REGION1,LBARBC1,2042,0
REGION1,LBC1,2042,0
REGION1,LBLTBC1,2042,0
REGION1,LBRLHIBC1,2042,0
REGION1,LBRLHRBC1,2042,0
REGION1,LBRLIIBC1,2042,0
REGION1,LBRLIRBC1,2042,0
REGION1,LBRLLRBC1,2042,0
REGION1,LFORBC1,2042,0
REGION1,LGRSBC1,2042,0
REGION1,LMAIHIBC1,2042,0
REGION1,LMAIHRBC1,2042,0
REGION1,LMAIIIBC1,2042,0
REGION1,LMAIIRBC1,2042,0
REGION1,LMAILRBC1,2042,0
REGION1,LND4PWR,2042,4.6928
REGION1,LOATHIBC1,2042,0
REGION1,LOATHRBC1,2042,0
REGION1,LOATIIBC1,2042,0
REGION1,LOATIRBC1,2042,0
REGION1,LOATLRBC1,2042,0
REGION1,LOTHBC1,2042,0
REGION1,LOTHHIBC1,2042,0
REGION1,LOTHHRBC1,2042,0
REGION1,LOTHIIBC1,2042,0
REGION1,LOTHIRBC1,2042,0
REGION1,LOTHLRBC1,2042,0
REGION1,LPEAHIBC1,2042,0
REGION1,LPEAHRBC1,2042,0
REGION1,LPEAIIBC1,2042,0
REGION1,LPEAIRBC1,2042,0
REGION1,LPEALRBC1,2042,0
REGION1,LPG,2042,0
REGION1,LPTWHIBC1,2042,0
REGION1,LPTWHRBC1,2042,0
REGION1,LPTWIIBC1,2042,0
REGION1,LPTWIRBC1,2042,0
REGION1,LPTWLRBC1,2042,0
REGION1,LRAPHIBC1,2042,0
REGION1,LRAPHRBC1,2042,0
REGION1,LRAPIIBC1,2042,0
REGION1,LRAPIRBC1,2042,0
REGION1,LRAPLRBC1,2042,0
REGION1,LRYEHIBC1,2042,0
REGION1,LRYEHRBC1,2042,0
REGION1,LRYEIIBC1,2042,0
REGION1,LRYEIRBC1,2042,0
REGION1,LRYELRBC1,2042,0
REGION1,LWATBC1,2042,0
REGION1,LWHEHIBC1,2042,0
REGION1,LWHEHRBC1,2042,0
REGION1,LWHEIIBC1,2042,0
REGION1,LWHEIRBC1,2042,0
REGION1,LWHELRBC1,2042,0
REGION1,NGS,2042,0
REGION1,PUBWATBC1,2042,1.08
REGION1,PWRBIO,2042,0
REGION1,PWRGEO,2042,0
REGION1,PWRHYD,2042,0
REGION1,PWRNGS,2042,0
REGION1,PWRSOL,2042,0
REGION1,PWRURN,2042,0
REGION1,PWRWATBC1,2042,0
REGION1,PWRWND,2042,0
REGION1,RESBIO,2042,15.99
REGION1,RESELCB02,2042,0
REGION1,RESKER,2042,0
REGION1,RESNGS,2042,100.195
REGION1,SOL,2042,0
REGION1,TRABIO,2042,18.101
REGION1,TRADSL,2042,83.544
REGION1,TRAELCB02,2042,0
REGION1,TRAGSL,2042,92.581
REGION1,TRAHFO,2042,7.694
REGION1,TRAJFL,2042,45.226
REGION1,TRALPG,2042,2.557
REGION1,TRANGS,2042,13.84
REGION1,URN,2042,0
REGION1,WND,2042,0
REGION1,WTREVTBC1,2042,0
REGION1,WTRGRCBC1,2042,0
REGION1,WTRPRCBC1,2042,0
REGION1,WTRSURBC1,2042,0
REGION1,AGRDSL,2043,29.88
REGION1,AGRELCB02,2043,0
REGION1,AGRNGS,2043,0
REGION1,AGRWATBC1,2043,0
REGION1,BIO,2043,0
REGION1,COA,2043,0
REGION1,COMBIO,2043,0.978
REGION1,COMELCB02,2043,0
REGION1,COMKER,2043,14.573
REGION1,COMNGS,2043,104.288
REGION1,CRPALF,2043,1.472
REGION1,CRPBAR,2043,0.109
REGION1,CRPMAI,2043,0.762
REGION1,CRPOAT,2043,0.095
REGION1,CRPOTH,2043,0.407
REGION1,CRPPEA,2043,0.062
REGION1,CRPPTW,2043,0.00017
REGION1,CRPRAP,2043,0.119
REGION1,CRPRYE,2043,0.0022
REGION1,CRPWHE,2043,0.097
REGION1,CRU,2043,0
REGION1,DSL,2043,0
REGION1,ELCB01,2043,0
REGION1,ELCB02,2043,0
REGION1,GEO,2043,0
REGION1,GSL,2043,0
REGION1,HFO,2043,0
REGION1,HYD,2043,0
REGION1,INDBIO,2043,145.181
REGION1,INDDSL,2043,115.205
REGION1,INDELCB02,2043,0
REGION1,INDNGS,2043,379.187
REGION1,JFL,2043,0
REGION1,KER,2043,0
REGION1,LALFHIBC1,2043,0
REGION1,LALFHRBC1,2043,0
REGION1,LALFIIBC1,2043,0
REGION1,LALFIRBC1,2043,0
REGION1,LALFLRBC1,2043,0
REGION1,LBARBC1,2043,0
REGION1,LBC1,2043,0
REGION1,LBLTBC1,2043,0
REGION1,LBRLHIBC1,2043,0
REGION1,LBRLHRBC1,2043,0
REGION1,LBRLIIBC1,2043,0
REGION1,LBRLIRBC1,2043,0
REGION1,LBRLLRBC1,2043,0
REGION1,LFORBC1,2043,0
REGION1,LGRSBC1,2043,0
REGION1,LMAIHIBC1,2043,0
REGION1,LMAIHRBC1,2043,0
REGION1,LMAIIIBC1,2043,0
REGION1,LMAIIRBC1,2043,0
REGION1,LMAILRBC1,2043,0
REGION1,LND4PWR,2043,4.7444
REGION1,LOATHIBC1,2043,0
REGION1,LOATHRBC1,2043,0
REGION1,LOATIIBC1,2043,0
REGION1,LOATIRBC1,2043,0
REGION1,LOATLRBC1,2043,0
REGION1,LOTHBC1,2043,0
REGION1,LOTHHIBC1,2043,0
REGION1,LOTHHRBC1,2043,0
REGION1,LOTHIIBC1,2043,0
REGION1,LOTHIRBC1,2043,0
REGION1,LOTHLRBC1,2043,0
REGION1,LPEAHIBC1,2043,0
REGION1,LPEAHRBC1,2043,0
REGION1,LPEAIIBC1,2043,0
REGION1,LPEAIRBC1,2043,0
REGION1,LPEALRBC1,2043,0
REGION1,LPG,2043,0
REGION1,LPTWHIBC1,2043,0
REGION1,LPTWHRBC1,2043,0
REGION1,LPTWIIBC1,2043,0
REGION1,LPTWIRBC1,2043,0
REGION1,LPTWLRBC1,2043,0
REGION1,LRAPHIBC1,2043,0
REGION1,LRAPHRBC1,2043,0
REGION1,LRAPIIBC1,2043,0
REGION1,LRAPIRBC1,2043,0
REGION1,LRAPLRBC1,2043,0
REGION1,LRYEHIBC1,2043,0
REGION1,LRYEHRBC1,2043,0
REGION1,LRYEIIBC1,2043,0
REGION1,LRYEIRBC1,2043,0
REGION1,LRYELRBC1,2043,0
REGION1,LWATBC1,2043,0
REGION1,LWHEHIBC1,2043,0
REGION1,LWHEHRBC1,2043,0
REGION1,LWHEIIBC1,2043,0
REGION1,LWHEIRBC1,2043,0
REGION1,LWHELRBC1,2043,0
REGION1,NGS,2043,0
REGION1,PUBWATBC1,2043,1.09
REGION1,PWRBIO,2043,0
REGION1,PWRGEO,2043,0
REGION1,PWRHYD,2043,0
REGION1,PWRNGS,2043,0
REGION1,PWRSOL,2043,0
REGION1,PWRURN,2043,0
REGION1,PWRWATBC1,2043,0
REGION1,PWRWND,2043,0
REGION1,RESBIO,2043,16.075
REGION1,RESELCB02,2043,0
REGION1,RESKER,2043,0
REGION1,RESNGS,2043,100.884
REGION1,SOL,2043,0
REGION1,TRABIO,2043,17.867
REGION1,TRADSL,2043,82.903
REGION1,TRAELCB02,2043,0
REGION1,TRAGSL,2043,89.602
REGION1,TRAHFO,2043,7.588
REGION1,TRAJFL,2043,45.556
REGION1,TRALPG,2043,2.511
REGION1,TRANGS,2043,14.474
REGION1,URN,2043,0
REGION1,WND,2043,0
REGION1,WTREVTBC1,2043,0
REGION1,WTRGRCBC1,2043,0
REGION1,WTRPRCBC1,2043,0
REGION1,WTRSURBC1,2043,0
REGION1,AGRDSL,2044,30.533
REGION1,AGRELCB02,2044,0
REGION1,AGRNGS,2044,0
REGION1,AGRWATBC1,2044,0
REGION1,BIO,2044,0
REGION1,COA,2044,0
REGION1,COMBIO,2044,1.009
REGION1,COMELCB02,2044,0
REGION1,COMKER,2044,14.761
REGION1,COMNGS,2044,105.313
REGION1,CRPALF,2044,1.474
REGION1,CRPBAR,2044,0.111
REGION1,CRPMAI,2044,0.77
REGION1,CRPOAT,2044,0.096
REGION1,CRPOTH,2044,0.411
REGION1,CRPPEA,2044,0.064
REGION1,CRPPTW,2044,0.00018
REGION1,CRPRAP,2044,0.121
REGION1,CRPRYE,2044,0.0022
REGION1,CRPWHE,2044,0.098
REGION1,CRU,2044,0
REGION1,DSL,2044,0
REGION1,ELCB01,2044,0
REGION1,ELCB02,2044,0
REGION1,GEO,2044,0
REGION1,GSL,2044,0
REGION1,HFO,2044,0
REGION1,HYD,2044,0
REGION1,INDBIO,2044,144.085
REGION1,INDDSL,2044,115.504
REGION1,INDELCB02,2044,0
REGION1,INDNGS,2044,384.653
REGION1,JFL,2044,0
REGION1,KER,2044,0
REGION1,LALFHIBC1,2044,0
REGION1,LALFHRBC1,2044,0
REGION1,LALFIIBC1,2044,0
REGION1,LALFIRBC1,2044,0
REGION1,LALFLRBC1,2044,0
REGION1,LBARBC1,2044,0
REGION1,LBC1,2044,0
REGION1,LBLTBC1,2044,0
REGION1,LBRLHIBC1,2044,0
REGION1,LBRLHRBC1,2044,0
REGION1,LBRLIIBC1,2044,0
REGION1,LBRLIRBC1,2044,0
REGION1,LBRLLRBC1,2044,0
REGION1,LFORBC1,2044,0
REGION1,LGRSBC1,2044,0
REGION1,LMAIHIBC1,2044,0
REGION1,LMAIHRBC1,2044,0
REGION1,LMAIIIBC1,2044,0
REGION1,LMAIIRBC1,2044,0
REGION1,LMAILRBC1,2044,0
REGION1,LND4PWR,2044,4.7966
REGION1,LOATHIBC1,2044,0
REGION1,LOATHRBC1,2044,0
REGION1,LOATIIBC1,2044,0
REGION1,LOATIRBC1,2044,0
REGION1,LOATLRBC1,2044,0
REGION1,LOTHBC1,2044,0
REGION1,LOTHHIBC1,2044,0
REGION1,LOTHHRBC1,2044,0
REGION1,LOTHIIBC1,2044,0
REGION1,LOTHIRBC1,2044,0
REGION1,LOTHLRBC1,2044,0
REGION1,LPEAHIBC1,2044,0
REGION1,LPEAHRBC1,2044,0
REGION1,LPEAIIBC1,2044,0
REGION1,LPEAIRBC1,2044,0
REGION1,LPEALRBC1,2044,0
REGION1,LPG,2044,0
REGION1,LPTWHIBC1,2044,0
REGION1,LPTWHRBC1,2044,0
REGION1,LPTWIIBC1,2044,0
REGION1,LPTWIRBC1,2044,0
REGION1,LPTWLRBC1,2044,0
REGION1,LRAPHIBC1,2044,0
REGION1,LRAPHRBC1,2044,0
REGION1,LRAPIIBC1,2044,0
REGION1,LRAPIRBC1,2044,0
REGION1,LRAPLRBC1,2044,0
REGION1,LRYEHIBC1,2044,0
REGION1,LRYEHRBC1,2044,0
REGION1,LRYEIIBC1,2044,0
REGION1,LRYEIRBC1,2044,0
REGION1,LRYELRBC1,2044,0
REGION1,LWATBC1,2044,0
REGION1,LWHEHIBC1,2044,0
REGION1,LWHEHRBC1,2044,0
REGION1,LWHEIIBC1,2044,0
REGION1,LWHEIRBC1,2044,0
REGION1,LWHELRBC1,2044,0
REGION1,NGS,2044,0
REGION1,PUBWATBC1,2044,1.1
REGION1,PWRBIO,2044,0
REGION1,PWRGEO,2044,0
REGION1,PWRHYD,2044,0
REGION1,PWRNGS,2044,0
REGION1,PWRSOL,2044,0
REGION1,PWRURN,2044,0
REGION1,PWRWATBC1,2044,0
REGION1,PWRWND,2044,0
REGION1,RESBIO,2044,16.16
REGION1,RESELCB02,2044,0
REGION1,RESKER,2044,0
REGION1,RESNGS,2044,101.574
REGION1,SOL,2044,0
REGION1,TRABIO,2044,17.634
REGION1,TRADSL,2044,82.262
REGION1,TRAELCB02,2044,0
REGION1,TRAGSL,2044,86.623
REGION1,TRAHFO,2044,7.482
REGION1,TRAJFL,2044,45.886
REGION1,TRALPG,2044,2.464
REGION1,TRANGS,2044,15.108
REGION1,URN,2044,0
REGION1,WND,2044,0
REGION1,WTREVTBC1,2044,0
REGION1,WTRGRCBC1,2044,0
REGION1,WTRPRCBC1,2044,0
REGION1,WTRSURBC1,2044,0
REGION1,AGRDSL,2045,31.185
REGION1,AGRELCB02,2045,0
REGION1,AGRNGS,2045,0
REGION1,AGRWATBC1,2045,0
REGION1,BIO,2045,0
REGION1,COA,2045,0
REGION1,COMBIO,2045,1.041
REGION1,COMELCB02,2045,0
REGION1,COMKER,2045,14.949
REGION1,COMNGS,2045,106.339
REGION1,CRPALF,2045,1.476
REGION1,CRPBAR,2045,0.113
REGION1,CRPMAI,2045,0.778
REGION1,CRPOAT,2045,0.097
REGION1,CRPOTH,2045,0.416
REGION1,CRPPEA,2045,0.065
REGION1,CRPPTW,2045,0.00018
REGION1,CRPRAP,2045,0.122
REGION1,CRPRYE,2045,0.0022
REGION1,CRPWHE,2045,0.099
REGION1,CRU,2045,0
REGION1,DSL,2045,0
REGION1,ELCB01,2045,0
REGION1,ELCB02,2045,0
REGION1,GEO,2045,0
REGION1,GSL,2045,0
REGION1,HFO,2045,0
REGION1,HYD,2045,0
REGION1,INDBIO,2045,142.99
REGION1,INDDSL,2045,115.803
REGION1,INDELCB02,2045,0
REGION1,INDNGS,2045,390.119
REGION1,JFL,2045,0
REGION1,KER,2045,0
REGION1,LALFHIBC1,2045,0
REGION1,LALFHRBC1,2045,0
REGION1,LALFIIBC1,2045,0
REGION1,LALFIRBC1,2045,0
REGION1,LALFLRBC1,2045,0
REGION1,LBARBC1,2045,0
REGION1,LBC1,2045,0
REGION1,LBLTBC1,2045,0
REGION1,LBRLHIBC1,2045,0
REGION1,LBRLHRBC1,2045,0
REGION1,LBRLIIBC1,2045,0
REGION1,LBRLIRBC1,2045,0
REGION1,LBRLLRBC1,2045,0
REGION1,LFORBC1,2045,0
REGION1,LGRSBC1,2045,0
REGION1,LMAIHIBC1,2045,0
REGION1,LMAIHRBC1,2045,0
REGION1,LMAIIIBC1,2045,0
REGION1,LMAIIRBC1,2045,0
REGION1,LMAILRBC1,2045,0
REGION1,LND4PWR,2045,4.8494
REGION1,LOATHIBC1,2045,0
REGION1,LOATHRBC1,2045,0
REGION1,LOATIIBC1,2045,0
REGION1,LOATIRBC1,2045,0
REGION1,LOATLRBC1,2045,0
REGION1,LOTHBC1,2045,0
REGION1,LOTHHIBC1,2045,0
REGION1,LOTHHRBC1,2045,0
REGION1,LOTHIIBC1,2045,0
REGION1,LOTHIRBC1,2045,0
REGION1,LOTHLRBC1,2045,0
REGION1,LPEAHIBC1,2045,0
REGION1,LPEAHRBC1,2045,0
REGION1,LPEAIIBC1,2045,0
REGION1,LPEAIRBC1,2045,0
REGION1,LPEALRBC1,2045,0
REGION1,LPG,2045,0
REGION1,LPTWHIBC1,2045,0
REGION1,LPTWHRBC1,2045,0
REGION1,LPTWIIBC1,2045,0
REGION1,LPTWIRBC1,2045,0
REGION1,LPTWLRBC1,2045,0
REGION1,LRAPHIBC1,2045,0
REGION1,LRAPHRBC1,2045,0
REGION1,LRAPIIBC1,2045,0
REGION1,LRAPIRBC1,2045,0
REGION1,LRAPLRBC1,2045,0
REGION1,LRYEHIBC1,2045,0
REGION1,LRYEHRBC1,2045,0
REGION1,LRYEIIBC1,2045,0
REGION1,LRYEIRBC1,2045,0
REGION1,LRYELRBC1,2045,0
REGION1,LWATBC1,2045,0
REGION1,LWHEHIBC1,2045,0
REGION1,LWHEHRBC1,2045,0
REGION1,LWHEIIBC1,2045,0
REGION1,LWHEIRBC1,2045,0
REGION1,LWHELRBC1,2045,0
REGION1,NGS,2045,0
REGION1,PUBWATBC1,2045,1.11
REGION1,PWRBIO,2045,0
REGION1,PWRGEO,2045,0
REGION1,PWRHYD,2045,0
REGION1,PWRNGS,2045,0
REGION1,PWRSOL,2045,0
REGION1,PWRURN,2045,0
REGION1,PWRWATBC1,2045,0
REGION1,PWRWND,2045,0
REGION1,RESBIO,2045,16.244
REGION1,RESELCB02,2045,0
REGION1,RESKER,2045,0
REGION1,RESNGS,2045,102.263
REGION1,SOL,2045,0
REGION1,TRABIO,2045,17.4
REGION1,TRADSL,2045,81.621
REGION1,TRAELCB02,2045,0
REGION1,TRAGSL,2045,83.644
REGION1,TRAHFO,2045,7.377
REGION1,TRAJFL,2045,46.215
REGION1,TRALPG,2045,2.418
REGION1,TRANGS,2045,15.741
REGION1,URN,2045,0
REGION1,WND,2045,0
REGION1,WTREVTBC1,2045,0
REGION1,WTRGRCBC1,2045,0
REGION1,WTRPRCBC1,2045,0
REGION1,WTRSURBC1,2045,0
REGION1,AGRDSL,2046,31.837
REGION1,AGRELCB02,2046,0
REGION1,AGRNGS,2046,0
REGION1,AGRWATBC1,2046,0
REGION1,BIO,2046,0
REGION1,COA,2046,0
REGION1,COMBIO,2046,1.072
REGION1,COMELCB02,2046,0
REGION1,COMKER,2046,15.137
REGION1,COMNGS,2046,107.364
REGION1,CRPALF,2046,1.477
REGION1,CRPBAR,2046,0.115
REGION1,CRPMAI,2046,0.786
REGION1,CRPOAT,2046,0.098
REGION1,CRPOTH,2046,0.421
REGION1,CRPPEA,2046,0.066
REGION1,CRPPTW,2046,0.00018
REGION1,CRPRAP,2046,0.124
REGION1,CRPRYE,2046,0.0021
REGION1,CRPWHE,2046,0.1
REGION1,CRU,2046,0
REGION1,DSL,2046,0
REGION1,ELCB01,2046,0
REGION1,ELCB02,2046,0
REGION1,GEO,2046,0
REGION1,GSL,2046,0
REGION1,HFO,2046,0
REGION1,HYD,2046,0
REGION1,INDBIO,2046,141.894
REGION1,INDDSL,2046,116.103
REGION1,INDELCB02,2046,0
REGION1,INDNGS,2046,395.585
REGION1,JFL,2046,0
REGION1,KER,2046,0
REGION1,LALFHIBC1,2046,0
REGION1,LALFHRBC1,2046,0
REGION1,LALFIIBC1,2046,0
REGION1,LALFIRBC1,2046,0
REGION1,LALFLRBC1,2046,0
REGION1,LBARBC1,2046,0
REGION1,LBC1,2046,0
REGION1,LBLTBC1,2046,0
REGION1,LBRLHIBC1,2046,0
REGION1,LBRLHRBC1,2046,0
REGION1,LBRLIIBC1,2046,0
REGION1,LBRLIRBC1,2046,0
REGION1,LBRLLRBC1,2046,0
REGION1,LFORBC1,2046,0
REGION1,LGRSBC1,2046,0
REGION1,LMAIHIBC1,2046,0
REGION1,LMAIHRBC1,2046,0
REGION1,LMAIIIBC1,2046,0
REGION1,LMAIIRBC1,2046,0
REGION1,LMAILRBC1,2046,0
REGION1,LND4PWR,2046,4.9027
REGION1,LOATHIBC1,2046,0
REGION1,LOATHRBC1,2046,0
REGION1,LOATIIBC1,2046,0
REGION1,LOATIRBC1,2046,0
REGION1,LOATLRBC1,2046,0
REGION1,LOTHBC1,2046,0
REGION1,LOTHHIBC1,2046,0
REGION1,LOTHHRBC1,2046,0
REGION1,LOTHIIBC1,2046,0
REGION1,LOTHIRBC1,2046,0
REGION1,LOTHLRBC1,2046,0
REGION1,LPEAHIBC1,2046,0
REGION1,LPEAHRBC1,2046,0
REGION1,LPEAIIBC1,2046,0
REGION1,LPEAIRBC1,2046,0
REGION1,LPEALRBC1,2046,0
REGION1,LPG,2046,0
REGION1,LPTWHIBC1,2046,0
REGION1,LPTWHRBC1,2046,0
REGION1,LPTWIIBC1,2046,0
REGION1,LPTWIRBC1,2046,0
REGION1,LPTWLRBC1,2046,0
REGION1,LRAPHIBC1,2046,0
REGION1,LRAPHRBC1,2046,0
REGION1,LRAPIIBC1,2046,0
REGION1,LRAPIRBC1,2046,0
REGION1,LRAPLRBC1,2046,0
REGION1,LRYEHIBC1,2046,0
REGION1,LRYEHRBC1,2046,0
REGION1,LRYEIIBC1,2046,0
REGION1,LRYEIRBC1,2046,0
REGION1,LRYELRBC1,2046,0
REGION1,LWATBC1,2046,0
REGION1,LWHEHIBC1,2046,0
REGION1,LWHEHRBC1,2046,0
REGION1,LWHEIIBC1,2046,0
REGION1,LWHEIRBC1,2046,0
REGION1,LWHELRBC1,2046,0
REGION1,NGS,2046,0
REGION1,PUBWATBC1,2046,1.12
REGION1,PWRBIO,2046,0
REGION1,PWRGEO,2046,0
REGION1,PWRHYD,2046,0
REGION1,PWRNGS,2046,0
REGION1,PWRSOL,2046,0
REGION1,PWRURN,2046,0
REGION1,PWRWATBC1,2046,0
REGION1,PWRWND,2046,0
REGION1,RESBIO,2046,16.329
REGION1,RESELCB02,2046,0
REGION1,RESKER,2046,0
REGION1,RESNGS,2046,102.952
REGION1,SOL,2046,0
REGION1,TRABIO,2046,17.167
REGION1,TRADSL,2046,80.98
REGION1,TRAELCB02,2046,0
REGION1,TRAGSL,2046,80.665
REGION1,TRAHFO,2046,7.271
REGION1,TRAJFL,2046,46.545
REGION1,TRALPG,2046,2.372
REGION1,TRANGS,2046,16.375
REGION1,URN,2046,0
REGION1,WND,2046,0
REGION1,WTREVTBC1,2046,0
REGION1,WTRGRCBC1,2046,0
REGION1,WTRPRCBC1,2046,0
REGION1,WTRSURBC1,2046,0
REGION1,AGRDSL,2047,32.49
REGION1,AGRELCB02,2047,0
REGION1,AGRNGS,2047,0
REGION1,AGRWATBC1,2047,0
REGION1,BIO,2047,0
REGION1,COA,2047,0
REGION1,COMBIO,2047,1.104
REGION1,COMELCB02,2047,0
REGION1,COMKER,2047,15.325
REGION1,COMNGS,2047,108.39
REGION1,CRPALF,2047,1.479
REGION1,CRPBAR,2047,0.117
REGION1,CRPMAI,2047,0.794
REGION1,CRPOAT,2047,0.1
REGION1,CRPOTH,2047,0.425
REGION1,CRPPEA,2047,0.068
REGION1,CRPPTW,2047,0.00019
REGION1,CRPRAP,2047,0.126
REGION1,CRPRYE,2047,0.0021
REGION1,CRPWHE,2047,0.101
REGION1,CRU,2047,0
REGION1,DSL,2047,0
REGION1,ELCB01,2047,0
REGION1,ELCB02,2047,0
REGION1,GEO,2047,0
REGION1,GSL,2047,0
REGION1,HFO,2047,0
REGION1,HYD,2047,0
REGION1,INDBIO,2047,140.799
REGION1,INDDSL,2047,116.402
REGION1,INDELCB02,2047,0
REGION1,INDNGS,2047,401.051
REGION1,JFL,2047,0
REGION1,KER,2047,0
REGION1,LALFHIBC1,2047,0
REGION1,LALFHRBC1,2047,0
REGION1,LALFIIBC1,2047,0
REGION1,LALFIRBC1,2047,0
REGION1,LALFLRBC1,2047,0
REGION1,LBARBC1,2047,0
REGION1,LBC1,2047,0
REGION1,LBLTBC1,2047,0
REGION1,LBRLHIBC1,2047,0
REGION1,LBRLHRBC1,2047,0
REGION1,LBRLIIBC1,2047,0
REGION1,LBRLIRBC1,2047,0
REGION1,LBRLLRBC1,2047,0
REGION1,LFORBC1,2047,0
REGION1,LGRSBC1,2047,0
REGION1,LMAIHIBC1,2047,0
REGION1,LMAIHRBC1,2047,0
REGION1,LMAIIIBC1,2047,0
REGION1,LMAIIRBC1,2047,0
REGION1,LMAILRBC1,2047,0
REGION1,LND4PWR,2047,4.9567
REGION1,LOATHIBC1,2047,0
REGION1,LOATHRBC1,2047,0
REGION1,LOATIIBC1,2047,0
REGION1,LOATIRBC1,2047,0
REGION1,LOATLRBC1,2047,0
REGION1,LOTHBC1,2047,0
REGION1,LOTHHIBC1,2047,0
REGION1,LOTHHRBC1,2047,0
REGION1,LOTHIIBC1,2047,0
REGION1,LOTHIRBC1,2047,0
REGION1,LOTHLRBC1,2047,0
REGION1,LPEAHIBC1,2047,0
REGION1,LPEAHRBC1,2047,0
REGION1,LPEAIIBC1,2047,0
REGION1,LPEAIRBC1,2047,0
REGION1,LPEALRBC1,2047,0
REGION1,LPG,2047,0
REGION1,LPTWHIBC1,2047,0
REGION1,LPTWHRBC1,2047,0
REGION1,LPTWIIBC1,2047,0
REGION1,LPTWIRBC1,2047,0
REGION1,LPTWLRBC1,2047,0
REGION1,LRAPHIBC1,2047,0
REGION1,LRAPHRBC1,2047,0
REGION1,LRAPIIBC1,2047,0
REGION1,LRAPIRBC1,2047,0
REGION1,LRAPLRBC1,2047,0
REGION1,LRYEHIBC1,2047,0
REGION1,LRYEHRBC1,2047,0
REGION1,LRYEIIBC1,2047,0
REGION1,LRYEIRBC1,2047,0
REGION1,LRYELRBC1,2047,0
REGION1,LWATBC1,2047,0
REGION1,LWHEHIBC1,2047,0
REGION1,LWHEHRBC1,2047,0
REGION1,LWHEIIBC1,2047,0
REGION1,LWHEIRBC1,2047,0
REGION1,LWHELRBC1,2047,0
REGION1,NGS,2047,0
REGION1,PUBWATBC1,2047,1.14
REGION1,PWRBIO,2047,0
REGION1,PWRGEO,2047,0
REGION1,PWRHYD,2047,0
REGION1,PWRNGS,2047,0
REGION1,PWRSOL,2047,0
REGION1,PWRURN,2047,0
REGION1,PWRWATBC1,2047,0
REGION1,PWRWND,2047,0
REGION1,RESBIO,2047,16.413
REGION1,RESELCB02,2047,0
REGION1,RESKER,2047,0
REGION1,RESNGS,2047,103.642
REGION1,SOL,2047,0
REGION1,TRABIO,2047,16.934
REGION1,TRADSL,2047,80.339
REGION1,TRAELCB02,2047,0
REGION1,TRAGSL,2047,77.686
REGION1,TRAHFO,2047,7.166
REGION1,TRAJFL,2047,46.875
REGION1,TRALPG,2047,2.326
REGION1,TRANGS,2047,17.008
REGION1,URN,2047,0
REGION1,WND,2047,0
REGION1,WTREVTBC1,2047,0
REGION1,WTRGRCBC1,2047,0
REGION1,WTRPRCBC1,2047,0
REGION1,WTRSURBC1,2047,0
REGION1,AGRDSL,2048,33.142
REGION1,AGRELCB02,2048,0
REGION1,AGRNGS,2048,0
REGION1,AGRWATBC1,2048,0
REGION1,BIO,2048,0
REGION1,COA,2048,0
REGION1,COMBIO,2048,1.135
REGION1,COMELCB02,2048,0
REGION1,COMKER,2048,15.513
REGION1,COMNGS,2048,109.415
REGION1,CRPALF,2048,1.481
REGION1,CRPBAR,2048,0.119
REGION1,CRPMAI,2048,0.802
REGION1,CRPOAT,2048,0.101
REGION1,CRPOTH,2048,0.43
REGION1,CRPPEA,2048,0.069
REGION1,CRPPTW,2048,0.00019
REGION1,CRPRAP,2048,0.127
REGION1,CRPRYE,2048,0.0021
REGION1,CRPWHE,2048,0.102
REGION1,CRU,2048,0
REGION1,DSL,2048,0
REGION1,ELCB01,2048,0
REGION1,ELCB02,2048,0
REGION1,GEO,2048,0
REGION1,GSL,2048,0
REGION1,HFO,2048,0
REGION1,HYD,2048,0
REGION1,INDBIO,2048,139.703
REGION1,INDDSL,2048,116.702
REGION1,INDELCB02,2048,0
REGION1,INDNGS,2048,406.517
REGION1,JFL,2048,0
REGION1,KER,2048,0
REGION1,LALFHIBC1,2048,0
REGION1,LALFHRBC1,2048,0
REGION1,LALFIIBC1,2048,0
REGION1,LALFIRBC1,2048,0
REGION1,LALFLRBC1,2048,0
REGION1,LBARBC1,2048,0
REGION1,LBC1,2048,0
REGION1,LBLTBC1,2048,0
REGION1,LBRLHIBC1,2048,0
REGION1,LBRLHRBC1,2048,0
REGION1,LBRLIIBC1,2048,0
REGION1,LBRLIRBC1,2048,0
REGION1,LBRLLRBC1,2048,0
REGION1,LFORBC1,2048,0
REGION1,LGRSBC1,2048,0
REGION1,LMAIHIBC1,2048,0
REGION1,LMAIHRBC1,2048,0
REGION1,LMAIIIBC1,2048,0
REGION1,LMAIIRBC1,2048,0
REGION1,LMAILRBC1,2048,0
REGION1,LND4PWR,2048,5.0112
REGION1,LOATHIBC1,2048,0
REGION1,LOATHRBC1,2048,0
REGION1,LOATIIBC1,2048,0
REGION1,LOATIRBC1,2048,0
REGION1,LOATLRBC1,2048,0
REGION1,LOTHBC1,2048,0
REGION1,LOTHHIBC1,2048,0
REGION1,LOTHHRBC1,2048,0
REGION1,LOTHIIBC1,2048,0
REGION1,LOTHIRBC1,2048,0
REGION1,LOTHLRBC1,2048,0
REGION1,LPEAHIBC1,2048,0
REGION1,LPEAHRBC1,2048,0
REGION1,LPEAIIBC1,2048,0
REGION1,LPEAIRBC1,2048,0
REGION1,LPEALRBC1,2048,0
REGION1,LPG,2048,0
REGION1,LPTWHIBC1,2048,0
REGION1,LPTWHRBC1,2048,0
REGION1,LPTWIIBC1,2048,0
REGION1,LPTWIRBC1,2048,0
REGION1,LPTWLRBC1,2048,0
REGION1,LRAPHIBC1,2048,0
REGION1,LRAPHRBC1,2048,0
REGION1,LRAPIIBC1,2048,0
REGION1,LRAPIRBC1,2048,0
REGION1,LRAPLRBC1,2048,0
REGION1,LRYEHIBC1,2048,0
REGION1,LRYEHRBC1,2048,0
REGION1,LRYEIIBC1,2048,0
REGION1,LRYEIRBC1,2048,0
REGION1,LRYELRBC1,2048,0
REGION1,LWATBC1,2048,0
REGION1,LWHEHIBC1,2048,0
REGION1,LWHEHRBC1,2048,0
REGION1,LWHEIIBC1,2048,0
REGION1,LWHEIRBC1,2048,0
REGION1,LWHELRBC1,2048,0
REGION1,NGS,2048,0
REGION1,PUBWATBC1,2048,1.15
REGION1,PWRBIO,2048,0
REGION1,PWRGEO,2048,0
REGION1,PWRHYD,2048,0
REGION1,PWRNGS,2048,0
REGION1,PWRSOL,2048,0
REGION1,PWRURN,2048,0
REGION1,PWRWATBC1,2048,0
REGION1,PWRWND,2048,0
REGION1,RESBIO,2048,16.498
REGION1,RESELCB02,2048,0
REGION1,RESKER,2048,0
REGION1,RESNGS,2048,104.331
REGION1,SOL,2048,0
REGION1,TRABIO,2048,16.7
REGION1,TRADSL,2048,79.698
REGION1,TRAELCB02,2048,0
REGION1,TRAGSL,2048,74.706
REGION1,TRAHFO,2048,7.06
REGION1,TRAJFL,2048,47.204
REGION1,TRALPG,2048,2.279
REGION1,TRANGS,2048,17.642
REGION1,URN,2048,0
REGION1,WND,2048,0
REGION1,WTREVTBC1,2048,0
REGION1,WTRGRCBC1,2048,0
REGION1,WTRPRCBC1,2048,0
REGION1,WTRSURBC1,2048,0
REGION1,AGRDSL,2049,33.794
REGION1,AGRELCB02,2049,0
REGION1,AGRNGS,2049,0
REGION1,AGRWATBC1,2049,0
REGION1,BIO,2049,0
REGION1,COA,2049,0
REGION1,COMBIO,2049,1.167
REGION1,COMELCB02,2049,0
REGION1,COMKER,2049,15.701
REGION1,COMNGS,2049,110.441
REGION1,CRPALF,2049,1.483
REGION1,CRPBAR,2049,0.121
REGION1,CRPMAI,2049,0.809
REGION1,CRPOAT,2049,0.102
REGION1,CRPOTH,2049,0.435
REGION1,CRPPEA,2049,0.071
REGION1,CRPPTW,2049,0.00019
REGION1,CRPRAP,2049,0.129
REGION1,CRPRYE,2049,0.0021
REGION1,CRPWHE,2049,0.103
REGION1,CRU,2049,0
REGION1,DSL,2049,0
REGION1,ELCB01,2049,0
REGION1,ELCB02,2049,0
REGION1,GEO,2049,0
REGION1,GSL,2049,0
REGION1,HFO,2049,0
REGION1,HYD,2049,0
REGION1,INDBIO,2049,138.608
REGION1,INDDSL,2049,117.001
REGION1,INDELCB02,2049,0
REGION1,INDNGS,2049,411.983
REGION1,JFL,2049,0
REGION1,KER,2049,0
REGION1,LALFHIBC1,2049,0
REGION1,LALFHRBC1,2049,0
REGION1,LALFIIBC1,2049,0
REGION1,LALFIRBC1,2049,0
REGION1,LALFLRBC1,2049,0
REGION1,LBARBC1,2049,0
REGION1,LBC1,2049,0
REGION1,LBLTBC1,2049,0
REGION1,LBRLHIBC1,2049,0
REGION1,LBRLHRBC1,2049,0
REGION1,LBRLIIBC1,2049,0
REGION1,LBRLIRBC1,2049,0
REGION1,LBRLLRBC1,2049,0
REGION1,LFORBC1,2049,0
REGION1,LGRSBC1,2049,0
REGION1,LMAIHIBC1,2049,0
REGION1,LMAIHRBC1,2049,0
REGION1,LMAIIIBC1,2049,0
REGION1,LMAIIRBC1,2049,0
REGION1,LMAILRBC1,2049,0
REGION1,LND4PWR,2049,5.0663
REGION1,LOATHIBC1,2049,0
REGION1,LOATHRBC1,2049,0
REGION1,LOATIIBC1,2049,0
REGION1,LOATIRBC1,2049,0
REGION1,LOATLRBC1,2049,0
REGION1,LOTHBC1,2049,0
REGION1,LOTHHIBC1,2049,0
REGION1,LOTHHRBC1,2049,0
REGION1,LOTHIIBC1,2049,0
REGION1,LOTHIRBC1,2049,0
REGION1,LOTHLRBC1,2049,0
REGION1,LPEAHIBC1,2049,0
REGION1,LPEAHRBC1,2049,0
REGION1,LPEAIIBC1,2049,0
REGION1,LPEAIRBC1,2049,0
REGION1,LPEALRBC1,2049,0
REGION1,LPG,2049,0
REGION1,LPTWHIBC1,2049,0
REGION1,LPTWHRBC1,2049,0
REGION1,LPTWIIBC1,2049,0
REGION1,LPTWIRBC1,2049,0
REGION1,LPTWLRBC1,2049,0
REGION1,LRAPHIBC1,2049,0
REGION1,LRAPHRBC1,2049,0
REGION1,LRAPIIBC1,2049,0
REGION1,LRAPIRBC1,2049,0
REGION1,LRAPLRBC1,2049,0
REGION1,LRYEHIBC1,2049,0
REGION1,LRYEHRBC1,2049,0
REGION1,LRYEIIBC1,2049,0
REGION1,LRYEIRBC1,2049,0
REGION1,LRYELRBC1,2049,0
REGION1,LWATBC1,2049,0
REGION1,LWHEHIBC1,2049,0
REGION1,LWHEHRBC1,2049,0
REGION1,LWHEIIBC1,2049,0
REGION1,LWHEIRBC1,2049,0
REGION1,LWHELRBC1,2049,0
REGION1,NGS,2049,0
REGION1,PUBWATBC1,2049,1.16
REGION1,PWRBIO,2049,0
REGION1,PWRGEO,2049,0
REGION1,PWRHYD,2049,0
REGION1,PWRNGS,2049,0
REGION1,PWRSOL,2049,0
REGION1,PWRURN,2049,0
REGION1,PWRWATBC1,2049,0
REGION1,PWRWND,2049,0
REGION1,RESBIO,2049,16.583
REGION1,RESELCB02,2049,0
REGION1,RESKER,2049,0
REGION1,RESNGS,2049,105.021
REGION1,SOL,2049,0
REGION1,TRABIO,2049,16.467
REGION1,TRADSL,2049,79.058
REGION1,TRAELCB02,2049,0
REGION1,TRAGSL,2049,71.727
REGION1,TRAHFO,2049,6.955
REGION1,TRAJFL,2049,47.534
REGION1,TRALPG,2049,2.233
REGION1,TRANGS,2049,18.275
REGION1,URN,2049,0
REGION1,WND,2049,0
REGION1,WTREVTBC1,2049,0
REGION1,WTRGRCBC1,2049,0
REGION1,WTRPRCBC1,2049,0
REGION1,WTRSURBC1,2049,0
REGION1,AGRDSL,2050,34.447
REGION1,AGRELCB02,2050,0
REGION1,AGRNGS,2050,0
REGION1,AGRWATBC1,2050,0
REGION1,BIO,2050,0
REGION1,COA,2050,0
REGION1,COMBIO,2050,1.198
REGION1,COMELCB02,2050,0
REGION1,COMKER,2050,15.89
REGION1,COMNGS,2050,111.467
REGION1,CRPALF,2050,1.484
REGION1,CRPBAR,2050,0.124
REGION1,CRPMAI,2050,0.817
REGION1,CRPOAT,2050,0.104
REGION1,CRPOTH,2050,0.44
REGION1,CRPPEA,2050,0.072
REGION1,CRPPTW,2050,0.0002
REGION1,CRPRAP,2050,0.131
REGION1,CRPRYE,2050,0.0021
REGION1,CRPWHE,2050,0.104
REGION1,CRU,2050,0
REGION1,DSL,2050,0
REGION1,ELCB01,2050,0
REGION1,ELCB02,2050,0
REGION1,GEO,2050,0
REGION1,GSL,2050,0
REGION1,HFO,2050,0
REGION1,HYD,2050,0
REGION1,INDBIO,2050,137.512
REGION1,INDDSL,2050,117.3
REGION1,INDELCB02,2050,0
REGION1,INDNGS,2050,417.449
REGION1,JFL,2050,0
REGION1,KER,2050,0
REGION1,LALFHIBC1,2050,0
REGION1,LALFHRBC1,2050,0
REGION1,LALFIIBC1,2050,0
REGION1,LALFIRBC1,2050,0
REGION1,LALFLRBC1,2050,0
REGION1,LBARBC1,2050,0
REGION1,LBC1,2050,0
REGION1,LBLTBC1,2050,0
REGION1,LBRLHIBC1,2050,0
REGION1,LBRLHRBC1,2050,0
REGION1,LBRLIIBC1,2050,0
REGION1,LBRLIRBC1,2050,0
REGION1,LBRLLRBC1,2050,0
REGION1,LFORBC1,2050,0
REGION1,LGRSBC1,2050,0
REGION1,LMAIHIBC1,2050,0
REGION1,LMAIHRBC1,2050,0
REGION1,LMAIIIBC1,2050,0
REGION1,LMAIIRBC1,2050,0
REGION1,LMAILRBC1,2050,0
REGION1,LND4PWR,2050,5.122
REGION1,LOATHIBC1,2050,0
REGION1,LOATHRBC1,2050,0
REGION1,LOATIIBC1,2050,0
REGION1,LOATIRBC1,2050,0
REGION1,LOATLRBC1,2050,0
REGION1,LOTHBC1,2050,0
REGION1,LOTHHIBC1,2050,0
REGION1,LOTHHRBC1,2050,0
REGION1,LOTHIIBC1,2050,0
REGION1,LOTHIRBC1,2050,0
REGION1,LOTHLRBC1,2050,0
REGION1,LPEAHIBC1,2050,0
REGION1,LPEAHRBC1,2050,0
REGION1,LPEAIIBC1,2050,0
REGION1,LPEAIRBC1,2050,0
REGION1,LPEALRBC1,2050,0
REGION1,LPG,2050,0
REGION1,LPTWHIBC1,2050,0
REGION1,LPTWHRBC1,2050,0
REGION1,LPTWIIBC1,2050,0
REGION1,LPTWIRBC1,2050,0
REGION1,LPTWLRBC1,2050,0
REGION1,LRAPHIBC1,2050,0
REGION1,LRAPHRBC1,2050,0
REGION1,LRAPIIBC1,2050,0
REGION1,LRAPIRBC1,2050,0
REGION1,LRAPLRBC1,2050,0
REGION1,LRYEHIBC1,2050,0
REGION1,LRYEHRBC1,2050,0
REGION1,LRYEIIBC1,2050,0
REGION1,LRYEIRBC1,2050,0
REGION1,LRYELRBC1,2050,0
REGION1,LWATBC1,2050,0
REGION1,LWHEHIBC1,2050,0
REGION1,LWHEHRBC1,2050,0
REGION1,LWHEIIBC1,2050,0
REGION1,LWHEIRBC1,2050,0
REGION1,LWHELRBC1,2050,0
REGION1,NGS,2050,0
REGION1,PUBWATBC1,2050,1.17
REGION1,PWRBIO,2050,0
REGION1,PWRGEO,2050,0
REGION1,PWRHYD,2050,0
REGION1,PWRNGS,2050,0
REGION1,PWRSOL,2050,0
REGION1,PWRURN,2050,0
REGION1,PWRWATBC1,2050,0
REGION1,PWRWND,2050,0
REGION1,RESBIO,2050,16.667
REGION1,RESELCB02,2050,0
REGION1,RESKER,2050,0
REGION1,RESNGS,2050,105.71
REGION1,SOL,2050,0
REGION1,TRABIO,2050,16.233
REGION1,TRADSL,2050,78.417
REGION1,TRAELCB02,2050,0
REGION1,TRAGSL,2050,68.748
REGION1,TRAHFO,2050,6.849
REGION1,TRAJFL,2050,47.864
REGION1,TRALPG,2050,2.187
REGION1,TRANGS,2050,18.909
REGION1,URN,2050,0
REGION1,WND,2050,0
REGION1,WTREVTBC1,2050,0
REGION1,WTRGRCBC1,2050,0
REGION1,WTRPRCBC1,2050,0
REGION1,WTRSURBC1,2050,0
